,price,assess,bdrms,lotsize,sqrft,colonial,lprice,lassess,llotsize,lsqrft
0,300.0,349.1,4.0,6126.0,2438,1.0,5.7037830000000005,5.855359,8.720297,7.798934
1,370.0,351.5,3.0,9903.0,2076,1.0,5.9135029999999995,5.86221,9.200593,7.638197999999999
2,191.0,217.7,3.0,5200.0,1374,0.0,5.252274,5.383118,8.556414,7.225482
3,195.0,231.8,3.0,4600.0,1448,1.0,5.273,5.445875,8.433811,7.277938000000001
4,373.0,319.1,4.0,6095.0,2514,1.0,5.921578,5.765504,8.715224000000001,7.82963
5,466.275,414.5,5.0,8566.0,2754,1.0,6.144775,6.027073000000001,9.055556,7.92081
6,332.5,367.8,3.0,9000.0,2067,1.0,5.80664,5.907539,9.10498,7.633853
7,315.0,300.2,3.0,6210.0,1731,1.0,5.752573,5.704448999999999,8.733916,7.456455
8,206.0,236.1,3.0,6000.0,1767,0.0,5.327876,5.4642550000000005,8.699514,7.477038
9,240.0,256.3,3.0,2892.0,1890,0.0,5.480639,5.546349,7.969703999999999,7.544332000000001
10,285.0,314.0,4.0,6000.0,2336,1.0,5.652489,5.749393,8.699514,7.756196000000001
11,300.0,416.5,5.0,7047.0,2634,1.0,5.7037830000000005,6.031887,8.860357,7.876258999999999
12,405.0,434.0,3.0,12237.0,3375,1.0,6.003887000000001,6.073044,9.412219,8.12415
13,212.0,279.3,3.0,6460.0,1899,0.0,5.356586,5.632287,8.773385000000001,7.549083
14,265.0,287.5,3.0,6519.0,2312,1.0,5.5797300000000005,5.661223000000001,8.782475999999999,7.745867999999999
15,227.4,232.9,4.0,3597.0,1760,1.0,5.426711,5.450609,8.187856,7.473069000000001
16,240.0,303.8,4.0,5922.0,2000,0.0,5.480639,5.7163699999999995,8.68643,7.600903
17,285.0,,,,1774,,,,8.871084,
18,268.0,,,,1376,,,,8.637994,
19,310.0,326.0,4.0,8602.0,1835,1.0,5.736572,5.786897,9.05975,7.5148
20,266.0,,,,2048,,,,8.611412,
21,270.0,,,,2124,,,,8.961879,
22,225.0,294.2,3.0,6003.0,1768,0.0,5.416101,5.68426,8.700014999999999,7.4776039999999995
23,150.0,208.0,4.0,5218.0,1732,0.0,5.010635,5.3375379999999994,8.55987,7.457032000000001
24,247.0,239.7,3.0,9425.0,1440,1.0,5.5093879999999995,5.479388,9.151121,7.272398
25,275.0,294.1,3.0,6114.0,1932,0.0,5.616771,5.68392,8.718336,7.566311
26,230.0,267.4,3.0,6710.0,1932,0.0,5.438079,5.5887459999999995,8.811355,7.566311
27,343.0,359.9,3.0,8577.0,2106,1.0,5.8377300000000005,5.885826,9.05684,7.652546000000001
28,477.5,478.1,7.0,8400.0,3529,1.0,6.168564,6.16982,9.035986999999999,8.16877
29,350.0,355.3,4.0,9773.0,2051,1.0,5.857933,5.872962,9.187379,7.626083
30,230.0,,,,1573,,,,8.47762,
31,335.0,385.0,4.0,15086.0,2829,0.0,5.8141300000000005,5.953243,9.621523,7.947678999999999
32,251.0,224.3,3.0,5763.0,1630,1.0,5.525453,5.412984,8.659213000000001,7.3963350000000005
33,235.0,251.9,4.0,6383.0,1840,1.0,5.459586,5.529032,8.761394000000001,7.517521
34,361.0,354.9,4.0,9000.0,2066,1.0,5.888878,5.871836,9.10498,7.633369
35,190.0,212.5,4.0,3500.0,1702,0.0,5.247024,5.358942,8.160519,7.439559
36,360.0,452.4,4.0,10892.0,2750,1.0,5.8861040000000004,6.114567,9.295784,7.919356
37,575.0,518.1,5.0,15634.0,3880,1.0,6.354369999999999,6.250168,9.657204,8.263591
38,209.00099999999998,289.4,4.0,6400.0,1854,1.0,5.342339,5.66781,8.764053,7.525100999999999
39,225.0,,,,1421,,,,9.091557,
40,246.0,278.5,3.0,6314.0,1662,1.0,5.505332,5.629418,8.750525,7.415777
41,713.5,655.4,5.0,28231.0,3331,1.0,6.570182000000001,6.485246,10.24818,8.111028
42,248.0,273.3,4.0,7050.0,1656,1.0,5.513429,5.61057,8.860783,7.412160000000001
43,230.0,,,,1171,,,,8.576406,
44,375.0,354.0,5.0,6637.0,2293,1.0,5.926926,5.869297,8.800415,7.737616
45,265.0,,,,1764,,,,8.966228,
46,313.0,324.0,3.0,1000.0,2768,0.0,5.7462029999999995,5.780744,6.907755,7.92588
47,417.5,475.5,4.0,8112.0,3733,0.0,6.034285,6.1643669999999995,9.0011,8.224967
48,253.0,256.8,3.0,5850.0,1536,1.0,5.53339,5.548297,8.674197,7.336937
49,315.0,279.2,4.0,6660.0,1638,1.0,5.752573,5.631928,8.803875,7.401231
50,264.0,313.9,3.0,6637.0,1972,1.0,5.575949,5.749074,8.800415,7.586803
51,255.0,279.8,2.0,15267.0,1478,0.0,5.541264,5.634075,9.633449,7.298445
52,210.0,198.7,3.0,5146.0,1408,1.0,5.347107,5.291796,8.545975,7.249925999999999
53,180.0,221.5,3.0,6017.0,1812,1.0,5.192957,5.400423,8.702344,7.502186
54,250.0,,,,1722,,,,9.037177,
55,250.0,282.3,4.0,5625.0,1780,1.0,5.521461,5.64297,8.634976,7.484369
56,209.0,230.7,4.0,5600.0,1674,1.0,5.342333999999999,5.441118,8.630522000000001,7.422971
57,258.0,287.0,4.0,6525.0,1850,1.0,5.5529589999999995,5.659482,8.783396,7.522941
58,289.0,298.7,3.0,6060.0,1925,1.0,5.666427,5.69944,8.709465,7.5626809999999995
59,316.0,314.6,4.0,5539.0,2343,0.0,5.755742,5.751302,8.619569,7.759187
60,225.0,291.0,3.0,7566.0,1567,0.0,5.416101,5.673323,8.931419,7.356917999999999
61,266.0,286.4,4.0,5484.0,1664,1.0,5.583496,5.65739,8.609589999999999,7.416980000000001
62,310.0,253.6,6.0,5348.0,1386,1.0,5.736572,5.535758,8.584478,7.234177000000001
63,471.25,482.0,5.0,15834.0,2617,1.0,6.1553889999999996,6.177944,9.669915,7.869783999999999
64,335.0,384.3,4.0,8022.0,2321,1.0,5.8141300000000005,5.951423999999999,8.989944,7.749753
65,495.0,543.6,4.0,11966.0,2638,1.0,6.2045580000000005,6.298213,9.389825,7.877776
66,279.5,336.5,4.0,8460.0,1915,1.0,5.633001999999999,5.818598000000001,9.043104,7.557473
67,380.0,515.1,4.0,15105.0,2589,1.0,5.940171,6.2443610000000005,9.622781,7.859027
68,325.0,437.0,4.0,10859.0,2709,0.0,5.783825,6.0799330000000005,9.292749,7.9043350000000006
69,220.0,263.4,3.0,6300.0,1587,1.0,5.393628,5.573674,8.748305,7.369600999999999
70,215.0,300.4,3.0,11554.0,1694,0.0,5.370638,5.705115,9.354787,7.434848
71,240.0,250.7,3.0,6000.0,1536,1.0,5.480639,5.5242569999999995,8.699514,7.336937
72,725.0,708.6,5.0,31000.0,3662,0.0,6.586172,6.563291,10.34174,8.205765
73,230.0,276.3,3.0,4054.0,1736,1.0,5.438079,5.621487,8.307459,7.459339
74,306.0,388.6,2.0,20700.0,2205,0.0,5.723585,5.962551,9.937889,7.698483
75,425.0,252.5,3.0,5525.0,1502,0.0,6.052089,5.531411,8.617039,7.314553
76,318.0,295.2,4.0,92681.0,1696,1.0,5.762052,5.687653,11.436919999999999,7.436028
77,330.0,359.5,3.0,8178.0,2186,1.0,5.799093,5.884714,9.009203,7.689829
78,246.0,276.2,4.0,5944.0,1928,1.0,5.505332,5.621125,8.690138000000001,7.564239
79,225.0,249.8,3.0,18838.0,1294,0.0,5.416101,5.5206599999999995,9.843632000000001,7.165493
80,111.0,202.4,4.0,4315.0,1535,1.0,4.70953,5.310246,8.369852999999999,7.336286
81,268.125,254.0,3.0,5167.0,1980,1.0,5.591453,5.5373339999999995,8.550048,7.590852000000001
82,244.0,306.8,4.0,7893.0,2090,1.0,5.497168,5.726196,8.973732,7.644919
83,295.0,318.3,3.0,6056.0,1837,1.0,5.686975,5.762994,8.708805,7.515889
84,236.0,259.4,3.0,5828.0,1715,0.0,5.463832,5.558371,8.670428999999999,7.447168
85,202.5,258.1,3.0,6341.0,1574,0.0,5.31074,5.5533470000000005,8.754792,7.361375
86,219.0,232.0,2.0,6362.0,1185,0.0,5.3890720000000005,5.446737000000001,8.758098,7.077497999999999
87,242.0,252.0,4.0,4950.0,1774,1.0,5.488938,5.529429,8.507143,7.480992
