,wage,educ,exper,tenure,nonwhite,female,married,numdep,smsa,northcen,south,west,construc,ndurman,trcommpu,trade,services,profserv,profocc,clerocc,servocc,lwage,expersq,tenursq
0,3.1,11,2.0,0,0.0,1.0,0,2.0,1,0.0,0,1.0,0.0,0,0,0.0,0,0,0,0,0,1.131402,4,0
1,3.24,12,22.0,2,0.0,1.0,1,3.0,1,0.0,0,1.0,0.0,0,0,0.0,1,0,0,0,1,1.175573,484,4
2,3.0,11,2.0,0,0.0,0.0,0,2.0,0,0.0,0,1.0,0.0,0,0,1.0,0,0,0,0,0,1.0986120000000001,4,0
3,6.0,8,44.0,28,0.0,0.0,1,0.0,1,0.0,0,1.0,0.0,0,0,0.0,0,0,0,1,0,1.791759,1936,784
4,5.3,12,7.0,2,0.0,0.0,1,1.0,0,0.0,0,1.0,0.0,0,0,0.0,0,0,0,0,0,1.667707,49,4
5,8.75,16,9.0,8,0.0,0.0,1,0.0,1,0.0,0,1.0,0.0,0,0,0.0,0,1,1,0,0,2.169054,81,64
6,11.25,18,15.0,7,0.0,0.0,0,0.0,1,0.0,0,1.0,0.0,0,0,1.0,0,0,1,0,0,2.420368,225,49
7,5.0,12,5.0,3,0.0,1.0,0,0.0,1,0.0,0,1.0,0.0,0,0,0.0,0,0,1,0,0,1.609438,25,9
8,3.6,12,26.0,4,0.0,1.0,0,2.0,1,0.0,0,1.0,0.0,0,0,1.0,0,0,1,0,0,1.280934,676,16
9,18.18,17,22.0,21,0.0,0.0,1,0.0,1,0.0,0,1.0,0.0,0,0,0.0,0,0,1,0,0,2.900322,484,441
10,6.25,16,8.0,2,0.0,1.0,0,0.0,1,0.0,0,1.0,0.0,0,0,1.0,0,0,1,0,0,1.832582,64,4
11,8.13,13,3.0,0,0.0,1.0,0,0.0,1,0.0,0,1.0,0.0,0,0,0.0,0,1,0,1,0,2.095561,9,0
12,8.77,12,15.0,0,0.0,0.0,1,2.0,1,0.0,0,1.0,0.0,0,0,0.0,0,0,0,0,0,2.171337,225,0
13,5.5,12,18.0,3,0.0,0.0,0,0.0,1,0.0,0,1.0,0.0,0,0,0.0,0,0,0,0,0,1.704748,324,9
14,22.2,12,31.0,15,0.0,0.0,1,1.0,1,0.0,0,1.0,0.0,0,0,0.0,0,0,1,0,0,3.1000919999999996,961,225
15,17.33,16,14.0,0,0.0,0.0,1,1.0,1,0.0,0,1.0,0.0,0,0,0.0,0,1,1,0,0,2.852439,196,0
16,7.5,12,10.0,0,0.0,1.0,1,0.0,1,0.0,0,1.0,0.0,0,0,0.0,0,0,0,1,0,2.014903,100,0
17,10.63,13,16.0,10,0.0,1.0,0,0.0,1,0.0,0,1.0,0.0,0,0,0.0,0,1,1,0,0,2.36368,256,100
18,3.6,12,13.0,0,0.0,1.0,1,3.0,1,0.0,0,1.0,0.0,0,0,0.0,0,0,0,0,0,1.280934,169,0
19,4.5,12,36.0,6,0.0,1.0,1,0.0,1,0.0,0,1.0,0.0,0,0,0.0,0,1,0,0,1,1.504077,1296,36
20,6.88,12,11.0,4,0.0,1.0,0,0.0,1,0.0,0,1.0,0.0,0,0,0.0,0,1,1,0,0,1.9286189999999999,121,16
21,8.48,12,29.0,13,0.0,0.0,1,3.0,1,0.0,0,1.0,0.0,0,0,0.0,0,0,0,0,0,2.1377099999999998,841,169
22,6.33,16,9.0,9,0.0,1.0,0,0.0,1,0.0,0,1.0,0.0,0,0,0.0,0,0,1,0,0,1.8453,81,81
23,0.53,12,,1,,,0,,1,,0,,,0,0,,1,0,0,0,1,-0.6348783,9,1
24,6.0,11,37.0,8,1.0,1.0,0,0.0,1,0.0,0,1.0,0.0,0,0,0.0,1,0,0,0,0,1.791759,1369,64
25,9.56,16,3.0,3,1.0,0.0,1,1.0,1,0.0,0,1.0,0.0,1,0,0.0,0,0,1,0,0,2.257588,9,9
26,7.78,16,11.0,10,0.0,0.0,1,1.0,1,0.0,0,1.0,0.0,0,1,0.0,0,0,0,0,0,2.051556,121,100
27,12.5,16,31.0,0,0.0,0.0,1,0.0,1,0.0,0,1.0,0.0,0,0,0.0,0,0,1,0,0,2.525729,961,0
28,12.5,15,30.0,0,0.0,0.0,1,2.0,1,0.0,0,1.0,0.0,0,0,0.0,0,0,1,0,0,2.525729,900,0
29,3.25,8,9.0,1,0.0,1.0,1,2.0,1,0.0,0,1.0,0.0,0,0,0.0,0,0,0,0,0,1.178655,81,1
30,13.0,14,23.0,5,0.0,0.0,1,2.0,1,0.0,0,1.0,0.0,0,0,0.0,0,1,1,0,0,2.5649490000000004,529,25
31,4.5,14,2.0,5,0.0,1.0,0,2.0,1,0.0,0,1.0,0.0,0,0,1.0,0,0,0,0,0,1.504077,4,25
32,9.68,13,16.0,16,0.0,1.0,0,0.0,1,0.0,0,1.0,0.0,0,0,0.0,0,0,1,0,0,2.270062,256,256
33,5.0,12,7.0,3,0.0,1.0,0,0.0,1,0.0,0,1.0,0.0,0,0,0.0,0,0,0,1,0,1.609438,49,9
34,4.68,12,3.0,0,0.0,1.0,0,0.0,1,0.0,0,1.0,0.0,0,0,0.0,1,0,0,1,0,1.543298,9,0
35,4.27,16,22.0,4,1.0,1.0,1,1.0,1,0.0,0,1.0,0.0,0,0,1.0,0,0,1,0,0,1.451614,484,16
36,6.15,12,15.0,6,1.0,1.0,1,1.0,1,0.0,0,1.0,0.0,0,0,0.0,1,0,0,0,1,1.816452,225,36
37,3.51,4,,15,,,1,,1,,0,,,0,0,,0,0,0,0,0,1.255616,1521,225
38,3.0,14,3.0,3,0.0,1.0,1,0.0,1,0.0,0,1.0,0.0,0,0,0.0,0,1,0,1,0,1.0986120000000001,9,9
39,6.25,12,11.0,0,0.0,1.0,0,0.0,1,0.0,0,1.0,0.0,0,0,0.0,0,1,0,1,0,1.832582,121,0
40,7.81,12,3.0,0,0.0,1.0,1,0.0,1,0.0,0,1.0,0.0,0,0,0.0,1,0,0,0,1,2.055405,9,0
41,10.0,12,20.0,5,1.0,1.0,1,4.0,1,0.0,0,1.0,0.0,0,0,0.0,0,1,0,1,0,2.3025849999999997,400,25
42,4.5,14,16.0,0,0.0,1.0,1,1.0,1,0.0,0,1.0,0.0,0,0,0.0,0,1,0,1,0,1.504077,256,0
43,4.0,11,45.0,12,0.0,1.0,1,0.0,1,0.0,0,1.0,0.0,0,0,0.0,0,1,0,0,1,1.3862940000000001,2025,144
44,6.38,13,11.0,4,0.0,1.0,0,0.0,1,0.0,0,1.0,0.0,0,0,0.0,0,0,0,0,0,1.853168,121,16
45,13.7,15,20.0,13,0.0,0.0,1,2.0,1,0.0,0,1.0,0.0,0,0,0.0,0,1,1,0,0,2.617396,400,169
46,1.67,10,1.0,0,0.0,0.0,0,1.0,1,0.0,0,1.0,0.0,0,0,0.0,1,0,0,0,0,0.5128235999999999,1,0
47,2.93,12,36.0,2,0.0,1.0,1,1.0,1,0.0,0,1.0,0.0,0,0,1.0,0,0,1,0,0,1.075002,1296,4
48,3.65,14,,2,,,0,,1,,0,,,0,0,,0,0,1,0,0,1.294727,81,4
49,2.9,12,15.0,1,0.0,1.0,1,2.0,1,0.0,0,1.0,0.0,0,0,0.0,1,0,0,0,1,1.064711,225,1
50,1.63,12,18.0,0,0.0,1.0,0,2.0,0,0.0,0,0.0,0.0,0,0,0.0,1,0,0,0,1,0.48858,324,0
51,8.6,16,3.0,2,0.0,1.0,0,0.0,1,0.0,0,0.0,0.0,0,0,0.0,0,1,1,0,0,2.1517619999999997,9,4
52,5.0,12,15.0,5,0.0,0.0,1,1.0,1,0.0,0,0.0,0.0,0,0,1.0,0,0,0,1,0,1.609438,225,25
53,6.0,12,7.0,7,0.0,0.0,1,0.0,1,0.0,0,0.0,0.0,0,0,0.0,0,0,0,0,0,1.791759,49,49
54,2.5,12,2.0,0,0.0,0.0,0,2.0,0,0.0,0,0.0,0.0,0,0,0.0,0,0,0,0,0,0.9162908000000001,4,0
55,3.25,15,3.0,0,0.0,0.0,0,1.0,0,0.0,0,0.0,0.0,0,0,1.0,0,0,0,0,1,1.178655,9,0
56,3.4,16,1.0,1,0.0,1.0,0,1.0,0,0.0,0,0.0,0.0,0,0,1.0,0,0,0,0,1,1.223776,1,1
57,10.0,8,13.0,0,1.0,0.0,0,0.0,1,0.0,0,0.0,0.0,0,0,1.0,0,0,0,0,0,2.3025849999999997,169,0
58,21.63,18,8.0,8,0.0,1.0,0,0.0,1,0.0,0,0.0,0.0,0,0,0.0,0,1,1,0,0,3.074081,64,64
59,4.38,16,7.0,0,0.0,0.0,0,0.0,1,0.0,0,0.0,0.0,0,0,1.0,0,0,0,0,1,1.477049,49,0
60,11.71,13,40.0,20,0.0,1.0,0,0.0,1,0.0,0,0.0,0.0,1,0,0.0,0,0,1,0,0,2.460443,1600,400
61,12.39,14,42.0,5,0.0,0.0,0,0.0,1,0.0,0,0.0,0.0,0,0,0.0,0,1,1,0,0,2.51689,1764,25
62,6.25,10,36.0,8,0.0,0.0,0,0.0,1,0.0,0,0.0,0.0,0,0,1.0,0,0,0,0,1,1.832582,1296,64
63,3.71,10,13.0,0,1.0,1.0,0,4.0,1,0.0,0,0.0,0.0,0,0,0.0,0,1,0,1,0,1.311032,169,0
64,7.78,14,,3,,,0,,1,,0,,,0,0,,0,1,1,0,0,2.051556,81,9
65,19.98,14,26.0,23,0.0,0.0,1,2.0,1,0.0,0,0.0,0.0,0,0,0.0,0,0,1,0,0,2.994732,676,529
66,6.25,16,7.0,4,1.0,1.0,1,3.0,1,0.0,0,0.0,0.0,0,0,0.0,0,1,1,0,0,1.832582,49,16
67,10.0,12,25.0,3,0.0,0.0,1,3.0,1,0.0,0,0.0,0.0,0,0,0.0,0,1,1,0,0,2.3025849999999997,625,9
68,5.71,16,10.0,5,0.0,0.0,1,1.0,1,0.0,0,0.0,0.0,0,0,0.0,0,1,1,0,0,1.742219,100,25
69,2.0,12,3.0,2,0.0,1.0,0,4.0,1,0.0,0,0.0,0.0,0,0,0.0,1,0,0,0,0,0.6931472,9,4
70,5.71,16,3.0,0,0.0,1.0,0,0.0,1,0.0,0,0.0,0.0,0,0,1.0,0,0,0,1,0,1.742219,9,0
71,13.08,17,17.0,2,1.0,0.0,1,3.0,1,0.0,0,0.0,0.0,0,0,0.0,0,1,1,0,0,2.571084,289,4
72,4.91,12,17.0,8,0.0,0.0,1,2.0,1,0.0,0,0.0,0.0,0,0,0.0,0,0,0,0,0,1.591274,289,64
73,2.91,12,20.0,34,0.0,1.0,1,2.0,1,0.0,0,0.0,0.0,0,0,0.0,1,0,0,1,0,1.0681530000000001,400,1156
74,3.75,12,7.0,0,0.0,1.0,1,0.0,1,0.0,0,0.0,1.0,0,0,0.0,0,0,0,1,0,1.321756,49,0
75,11.9,13,24.0,19,0.0,0.0,1,2.0,1,0.0,0,0.0,0.0,0,0,0.0,0,1,1,0,0,2.476538,576,361
76,4.0,12,28.0,0,0.0,1.0,1,1.0,1,0.0,0,0.0,0.0,0,0,0.0,0,1,0,1,0,1.3862940000000001,784,0
77,3.1,12,2.0,1,0.0,1.0,0,1.0,1,0.0,0,0.0,0.0,0,0,1.0,0,0,0,1,0,1.131402,4,1
78,8.45,12,19.0,13,0.0,0.0,1,4.0,1,0.0,0,0.0,0.0,0,0,0.0,0,0,0,0,0,2.134166,361,169
79,7.14,18,13.0,0,0.0,0.0,1,2.0,1,0.0,0,0.0,0.0,0,0,0.0,0,1,1,0,0,1.965713,169,0
80,4.5,9,22.0,5,0.0,0.0,1,4.0,1,0.0,0,0.0,0.0,0,0,0.0,0,0,0,0,0,1.504077,484,25
81,4.65,16,3.0,1,0.0,0.0,0,0.0,1,0.0,0,0.0,0.0,1,0,0.0,0,0,0,0,0,1.536867,9,1
82,2.9,10,4.0,0,0.0,1.0,0,1.0,1,0.0,0,0.0,0.0,0,0,0.0,0,1,0,0,1,1.064711,16,0
83,6.67,12,7.0,5,0.0,0.0,0,0.0,1,0.0,0,0.0,0.0,0,0,0.0,0,0,1,0,0,1.89762,49,25
84,3.5,12,6.0,2,1.0,1.0,0,1.0,1,0.0,0,0.0,0.0,0,0,0.0,0,1,0,0,1,1.2527629999999998,36,4
85,3.26,12,13.0,3,0.0,1.0,1,1.0,1,0.0,0,0.0,0.0,0,0,1.0,0,0,1,0,0,1.181727,169,9
86,3.25,12,14.0,0,0.0,1.0,1,1.0,1,0.0,0,0.0,0.0,0,0,0.0,0,1,0,1,0,1.178655,196,0
87,8.0,12,14.0,4,0.0,1.0,0,1.0,1,0.0,0,0.0,0.0,0,0,0.0,0,1,1,0,0,2.079442,196,16
88,9.85,8,40.0,24,1.0,0.0,1,2.0,1,0.0,0,0.0,0.0,0,0,0.0,0,0,0,0,0,2.287472,1600,576
89,7.5,12,11.0,7,0.0,0.0,1,1.0,1,0.0,0,0.0,0.0,0,0,0.0,0,0,0,0,0,2.014903,121,49
90,5.91,12,14.0,6,0.0,0.0,1,2.0,0,0.0,0,0.0,0.0,0,1,0.0,0,0,0,0,0,1.776646,196,36
91,11.76,14,40.0,39,0.0,0.0,1,0.0,1,0.0,0,0.0,0.0,0,1,0.0,0,0,1,0,0,2.4647040000000002,1600,1521
92,3.0,12,1.0,0,0.0,1.0,0,2.0,1,0.0,0,0.0,0.0,0,0,1.0,0,0,1,0,0,1.0986120000000001,1,0
93,4.81,12,2.0,0,0.0,1.0,0,0.0,1,0.0,0,0.0,0.0,0,0,0.0,0,1,0,0,1,1.570697,4,0
94,6.5,12,4.0,1,0.0,1.0,0,0.0,1,0.0,0,0.0,0.0,0,0,0.0,0,1,1,0,0,1.871802,16,1
95,4.0,9,19.0,1,0.0,1.0,1,1.0,1,0.0,0,0.0,0.0,0,0,0.0,1,0,0,0,1,1.3862940000000001,361,1
96,3.5,13,1.0,0,0.0,0.0,0,1.0,1,0.0,0,0.0,0.0,1,0,0.0,0,0,1,0,0,1.2527629999999998,1,0
97,13.16,12,34.0,22,0.0,0.0,1,0.0,1,0.0,0,0.0,0.0,0,0,1.0,0,0,1,0,0,2.577182,1156,484
98,4.25,14,5.0,2,0.0,0.0,1,2.0,1,0.0,0,0.0,0.0,0,0,1.0,0,0,0,0,0,1.446919,25,4
99,3.5,12,3.0,0,0.0,0.0,0,0.0,1,0.0,0,0.0,0.0,0,0,1.0,0,0,0,0,1,1.2527629999999998,9,0
100,5.13,15,6.0,6,0.0,1.0,0,0.0,1,0.0,0,0.0,0.0,1,0,0.0,0,0,1,0,0,1.635106,36,36
101,3.75,12,14.0,0,0.0,1.0,1,3.0,1,0.0,0,0.0,0.0,0,0,0.0,1,0,0,0,1,1.321756,196,0
102,4.5,12,35.0,12,0.0,1.0,1,0.0,1,0.0,0,0.0,0.0,0,0,0.0,0,1,0,1,0,1.504077,1225,144
103,7.63,12,8.0,4,0.0,1.0,0,0.0,1,0.0,0,0.0,0.0,0,1,0.0,0,0,0,1,0,2.032088,64,16
104,15.0,14,7.0,7,1.0,0.0,1,1.0,1,0.0,0,0.0,0.0,0,0,0.0,0,0,0,0,0,2.70805,49,49
105,6.85,15,11.0,3,0.0,1.0,1,2.0,1,0.0,0,0.0,0.0,0,0,0.0,0,1,1,0,0,1.924249,121,9
106,13.33,12,14.0,11,0.0,0.0,1,2.0,1,0.0,0,0.0,0.0,0,0,1.0,0,0,1,0,0,2.590017,196,121
107,6.67,12,35.0,10,0.0,0.0,0,0.0,1,0.0,0,0.0,0.0,0,0,0.0,0,0,0,0,0,1.89762,1225,100
108,2.53,12,46.0,0,0.0,1.0,0,0.0,1,0.0,0,0.0,0.0,0,0,1.0,0,0,1,0,0,0.9282193000000001,2116,0
109,9.8,17,7.0,0,0.0,0.0,1,0.0,1,0.0,0,0.0,0.0,0,0,0.0,1,0,1,0,0,2.282382,49,0
110,3.37,11,45.0,12,0.0,0.0,1,0.0,1,0.0,0,0.0,0.0,0,0,1.0,0,0,1,0,0,1.214913,2025,144
111,24.98,18,29.0,25,0.0,0.0,1,0.0,1,0.0,0,0.0,0.0,0,0,0.0,0,0,1,0,0,3.218076,841,625
112,5.4,12,6.0,3,0.0,0.0,1,0.0,1,0.0,0,0.0,0.0,0,0,0.0,1,0,0,0,0,1.6863990000000002,36,9
113,6.11,14,15.0,0,0.0,0.0,1,2.0,1,0.0,0,0.0,0.0,0,0,1.0,0,0,1,0,0,1.809927,225,0
114,4.2,14,33.0,16,0.0,1.0,1,0.0,1,0.0,0,0.0,0.0,0,0,0.0,0,1,1,0,0,1.435084,1089,256
115,3.75,10,15.0,0,0.0,0.0,0,0.0,1,0.0,0,0.0,0.0,0,0,1.0,0,0,0,0,0,1.321756,225,0
116,3.5,14,5.0,0,0.0,1.0,1,0.0,0,0.0,1,0.0,0.0,0,0,0.0,0,1,0,1,0,1.2527629999999998,25,0
117,3.64,12,7.0,2,0.0,0.0,0,0.0,1,0.0,1,0.0,0.0,0,0,0.0,0,1,0,0,1,1.291984,49,4
118,3.8,15,6.0,1,0.0,0.0,1,1.0,1,0.0,1,0.0,0.0,0,0,1.0,0,0,0,0,0,1.335001,36,1
119,3.0,8,33.0,12,0.0,1.0,1,3.0,0,0.0,1,0.0,0.0,1,0,0.0,0,0,0,0,0,1.0986120000000001,1089,144
120,5.0,16,2.0,1,0.0,1.0,1,0.0,0,0.0,1,0.0,0.0,0,0,1.0,0,0,1,0,0,1.609438,4,1
121,4.63,14,4.0,0,0.0,1.0,1,2.0,1,0.0,1,0.0,0.0,0,0,0.0,0,1,0,0,1,1.532557,16,0
122,3.0,15,,0,,,0,,1,,1,,,0,0,,0,0,1,0,0,1.0986120000000001,1,0
123,3.2,12,29.0,0,0.0,1.0,0,1.0,1,0.0,1,0.0,0.0,0,0,0.0,0,0,0,1,0,1.163151,841,0
124,3.91,18,17.0,3,0.0,0.0,1,2.0,0,0.0,1,0.0,0.0,0,0,0.0,0,1,1,0,0,1.363537,289,9
125,6.43,16,17.0,3,0.0,1.0,1,2.0,0,0.0,1,0.0,0.0,0,0,0.0,0,1,1,0,0,1.860975,289,9
126,5.48,10,36.0,3,0.0,1.0,1,0.0,1,0.0,1,0.0,0.0,0,0,0.0,0,0,0,0,0,1.7011049999999999,1296,9
127,1.5,8,31.0,30,0.0,0.0,0,0.0,0,0.0,1,0.0,0.0,0,0,1.0,0,0,0,0,0,0.40546509999999997,961,900
128,2.9,10,23.0,2,0.0,1.0,0,2.0,0,0.0,1,0.0,0.0,0,0,0.0,0,1,0,0,1,1.064711,529,4
129,5.0,11,13.0,1,0.0,0.0,1,0.0,0,0.0,1,0.0,0.0,0,0,1.0,0,0,0,0,0,1.609438,169,1
130,8.92,18,3.0,3,0.0,0.0,1,0.0,1,0.0,1,0.0,0.0,0,0,1.0,0,0,1,0,0,2.188296,9,9
131,5.0,15,15.0,0,0.0,0.0,0,0.0,1,0.0,1,0.0,0.0,0,0,1.0,0,0,1,0,0,1.609438,225,0
132,3.52,12,48.0,1,0.0,0.0,1,0.0,0,0.0,1,0.0,0.0,0,0,0.0,0,1,0,0,0,1.258461,2304,1
133,2.9,11,6.0,0,0.0,1.0,0,1.0,0,0.0,1,0.0,0.0,1,0,0.0,0,0,0,0,0,1.064711,36,0
134,4.5,12,12.0,0,0.0,0.0,1,3.0,1,0.0,1,0.0,0.0,0,0,1.0,0,0,0,0,0,1.504077,144,0
135,2.25,12,5.0,0,0.0,1.0,0,2.0,1,0.0,1,0.0,0.0,0,0,1.0,0,0,0,0,1,0.8109301999999999,25,0
136,5.0,14,19.0,5,0.0,0.0,1,4.0,1,0.0,1,0.0,0.0,0,0,1.0,0,0,0,0,0,1.609438,361,25
137,10.0,16,9.0,3,1.0,0.0,1,2.0,1,0.0,1,0.0,0.0,0,0,0.0,0,0,1,0,0,2.3025849999999997,81,9
138,3.75,2,39.0,13,0.0,0.0,1,0.0,1,0.0,1,0.0,0.0,0,0,0.0,0,1,0,0,1,1.321756,1521,169
139,10.0,14,28.0,11,0.0,1.0,1,0.0,1,0.0,1,0.0,0.0,1,0,0.0,0,0,1,0,0,2.3025849999999997,784,121
140,10.95,16,23.0,20,0.0,0.0,1,4.0,1,0.0,1,0.0,0.0,1,0,0.0,0,0,1,0,0,2.393339,529,400
141,7.9,12,2.0,0,0.0,0.0,0,0.0,1,0.0,1,0.0,1.0,0,0,0.0,0,0,0,0,0,2.066863,4,0
142,4.72,12,15.0,1,0.0,1.0,0,0.0,1,0.0,1,0.0,0.0,0,0,0.0,0,0,0,0,0,1.551809,225,1
143,5.84,13,5.0,0,0.0,1.0,1,1.0,1,0.0,1,0.0,0.0,0,0,0.0,0,1,0,1,0,1.764731,25,0
144,3.83,12,18.0,2,0.0,1.0,0,3.0,1,0.0,1,0.0,0.0,0,0,0.0,0,0,0,1,0,1.342865,324,4
145,3.2,15,2.0,2,0.0,1.0,0,2.0,1,0.0,1,0.0,0.0,0,1,0.0,0,0,0,0,0,1.163151,4,4
146,2.0,10,3.0,0,1.0,1.0,0,5.0,1,0.0,1,0.0,0.0,0,0,1.0,0,0,0,0,1,0.6931472,9,0
147,4.5,12,31.0,4,0.0,1.0,1,3.0,1,0.0,1,0.0,0.0,0,0,0.0,0,1,0,1,0,1.504077,961,16
148,11.55,16,20.0,5,0.0,1.0,1,3.0,1,0.0,1,0.0,1.0,0,0,0.0,0,0,0,1,0,2.446686,400,25
149,2.14,13,34.0,15,1.0,1.0,1,0.0,1,0.0,1,0.0,0.0,0,0,0.0,1,0,0,0,0,0.7608059,1156,225
150,2.38,9,5.0,0,1.0,0.0,0,5.0,1,0.0,1,0.0,0.0,0,0,0.0,0,0,0,0,1,0.8671004999999999,25,0
151,3.75,12,11.0,0,0.0,0.0,0,1.0,1,0.0,1,0.0,0.0,0,0,0.0,0,0,0,0,0,1.321756,121,0
152,5.52,13,31.0,3,0.0,0.0,0,0.0,1,0.0,1,0.0,0.0,0,0,1.0,0,0,0,0,0,1.708378,961,9
153,6.5,12,8.0,5,0.0,1.0,1,0.0,1,0.0,1,0.0,0.0,0,1,0.0,0,0,0,1,0,1.871802,64,25
154,3.1,12,2.0,2,0.0,1.0,0,1.0,1,0.0,1,0.0,0.0,1,0,0.0,0,0,0,0,0,1.131402,4,4
155,10.0,14,18.0,5,0.0,0.0,1,2.0,1,0.0,1,0.0,0.0,0,0,0.0,0,0,1,0,0,2.3025849999999997,324,25
156,6.63,16,3.0,0,0.0,0.0,1,0.0,1,0.0,1,0.0,0.0,0,0,0.0,0,1,1,0,0,1.891605,9,0
157,10.0,16,3.0,2,0.0,0.0,1,0.0,1,0.0,1,0.0,0.0,0,1,0.0,0,0,1,0,0,2.3025849999999997,9,4
158,2.31,9,4.0,1,0.0,1.0,0,5.0,0,1.0,0,0.0,0.0,0,0,1.0,0,0,0,0,1,0.8372475,16,1
159,6.88,18,4.0,4,0.0,0.0,0,0.0,1,1.0,0,0.0,0.0,0,0,0.0,0,1,1,0,0,1.9286189999999999,16,16
160,2.83,10,1.0,0,0.0,0.0,0,4.0,1,1.0,0,0.0,0.0,0,0,1.0,0,0,0,0,0,1.0402770000000001,1,0
161,3.13,10,1.0,0,0.0,1.0,0,1.0,1,1.0,0,0.0,0.0,0,0,1.0,0,0,1,0,0,1.141033,1,0
162,8.0,13,28.0,5,0.0,0.0,1,1.0,1,1.0,0,0.0,0.0,0,0,0.0,1,0,1,0,0,2.079442,784,25
163,4.5,12,47.0,4,0.0,1.0,1,0.0,1,1.0,0,0.0,0.0,0,0,1.0,0,0,0,1,0,1.504077,2209,16
164,8.65,18,13.0,1,0.0,1.0,0,0.0,1,1.0,0,0.0,0.0,1,0,0.0,0,0,1,0,0,2.157559,169,1
165,2.0,13,2.0,6,0.0,1.0,0,0.0,1,1.0,0,0.0,0.0,0,0,0.0,1,0,0,0,1,0.6931472,4,36
166,4.75,12,48.0,2,0.0,1.0,1,0.0,1,1.0,0,0.0,0.0,0,0,0.0,0,1,0,0,1,1.5581450000000001,2304,4
167,6.25,13,6.0,5,0.0,1.0,1,1.0,1,1.0,0,0.0,0.0,0,0,0.0,0,1,1,0,0,1.832582,36,25
168,6.0,13,8.0,0,0.0,0.0,1,2.0,1,1.0,0,0.0,0.0,0,0,0.0,0,1,0,0,1,1.791759,64,0
169,15.38,13,25.0,21,0.0,0.0,1,2.0,1,1.0,0,0.0,0.0,0,0,0.0,0,1,1,0,0,2.733068,625,441
170,14.58,18,13.0,7,0.0,1.0,0,0.0,1,1.0,0,0.0,0.0,0,0,0.0,0,1,1,0,0,2.679651,169,49
171,12.5,12,8.0,1,0.0,0.0,0,0.0,1,1.0,0,0.0,0.0,0,0,0.0,0,0,0,0,0,2.525729,64,1
172,5.25,12,19.0,10,0.0,1.0,1,2.0,1,1.0,0,0.0,0.0,0,1,0.0,0,0,0,1,0,1.6582279999999998,361,100
173,2.17,13,1.0,4,0.0,1.0,0,1.0,1,1.0,0,0.0,0.0,1,0,0.0,0,0,0,0,1,0.7747272,1,16
174,7.14,12,43.0,5,0.0,1.0,0,0.0,1,1.0,0,0.0,0.0,0,0,0.0,0,0,0,0,0,1.965713,1849,25
175,6.22,12,19.0,9,0.0,1.0,1,1.0,1,1.0,0,0.0,0.0,0,0,0.0,0,1,0,1,0,1.8277700000000001,361,81
176,9.0,12,11.0,5,0.0,1.0,1,0.0,1,1.0,0,0.0,0.0,0,0,0.0,0,1,1,0,0,2.197225,121,25
177,10.0,14,43.0,4,0.0,0.0,1,0.0,1,1.0,0,0.0,0.0,0,0,0.0,0,1,1,0,0,2.3025849999999997,1849,16
178,5.77,10,44.0,3,0.0,0.0,1,0.0,1,1.0,0,0.0,0.0,0,0,0.0,0,1,1,0,0,1.752672,1936,9
179,4.0,12,22.0,11,0.0,1.0,1,2.0,1,1.0,0,0.0,0.0,1,0,0.0,0,0,0,0,0,1.3862940000000001,484,121
180,8.75,16,3.0,2,0.0,0.0,1,1.0,1,1.0,0,0.0,0.0,1,0,0.0,0,0,1,0,0,2.169054,9,4
181,6.53,16,3.0,2,0.0,1.0,0,0.0,1,1.0,0,0.0,0.0,0,0,0.0,0,1,1,0,0,1.876407,9,4
182,7.6,12,41.0,11,0.0,1.0,0,0.0,1,1.0,0,0.0,0.0,0,0,0.0,0,1,1,0,0,2.028148,1681,121
183,5.0,14,5.0,0,0.0,0.0,0,0.0,1,1.0,0,0.0,0.0,0,0,1.0,0,0,0,0,0,1.609438,25,0
184,5.0,12,14.0,11,0.0,1.0,0,0.0,1,1.0,0,0.0,0.0,0,0,0.0,0,1,0,0,1,1.609438,196,121
185,21.86,12,24.0,16,0.0,0.0,1,3.0,1,1.0,0,0.0,0.0,0,0,1.0,0,0,1,0,0,3.084659,576,256
186,8.64,12,28.0,8,0.0,0.0,1,0.0,1,1.0,0,0.0,0.0,1,0,0.0,0,0,1,0,0,2.156403,784,64
187,3.3,12,25.0,8,0.0,0.0,1,1.0,1,1.0,0,0.0,0.0,0,0,1.0,0,0,0,0,0,1.193922,625,64
188,4.44,12,3.0,0,0.0,0.0,0,0.0,1,1.0,0,0.0,0.0,0,0,1.0,0,0,1,0,0,1.4906540000000001,9,0
189,4.55,12,11.0,0,0.0,0.0,1,0.0,0,1.0,0,0.0,0.0,0,0,0.0,0,0,0,0,0,1.5151270000000001,121,0
190,3.5,12,7.0,6,1.0,1.0,1,0.0,0,1.0,0,0.0,0.0,0,0,0.0,0,0,0,0,0,1.2527629999999998,49,36
191,6.25,16,9.0,2,0.0,0.0,1,1.0,0,1.0,0,0.0,0.0,0,0,0.0,0,1,1,0,0,1.832582,81,4
192,3.85,16,5.0,0,0.0,0.0,1,0.0,1,1.0,0,0.0,0.0,0,0,1.0,0,0,0,0,0,1.3480729999999999,25,0
193,6.18,14,9.0,3,0.0,1.0,1,0.0,1,1.0,0,0.0,0.0,0,0,0.0,0,1,1,0,0,1.821318,81,9
194,2.91,11,1.0,0,0.0,1.0,0,3.0,1,1.0,0,0.0,0.0,0,0,0.0,1,0,1,0,0,1.0681530000000001,1,0
195,6.25,16,2.0,1,1.0,1.0,0,0.0,1,1.0,0,0.0,0.0,0,0,1.0,0,0,1,0,0,1.832582,4,1
196,6.25,12,13.0,0,0.0,1.0,1,0.0,1,1.0,0,0.0,0.0,0,0,0.0,0,1,0,1,0,1.832582,169,0
197,9.05,12,10.0,2,0.0,0.0,1,3.0,1,1.0,0,0.0,1.0,0,0,0.0,0,0,1,0,0,2.2027650000000003,100,4
198,10.0,17,5.0,3,0.0,0.0,1,0.0,1,1.0,0,0.0,0.0,0,0,0.0,0,0,1,0,0,2.3025849999999997,25,9
199,11.11,12,30.0,8,0.0,0.0,1,0.0,1,1.0,0,0.0,0.0,0,0,1.0,0,0,1,0,0,2.407845,900,64
200,6.88,12,31.0,19,0.0,0.0,1,3.0,1,1.0,0,0.0,0.0,0,0,0.0,0,1,0,0,1,1.9286189999999999,961,361
201,8.75,16,1.0,2,1.0,0.0,0,0.0,1,1.0,0,0.0,0.0,0,0,0.0,0,0,1,0,0,2.169054,1,4
202,10.0,8,9.0,0,0.0,0.0,1,0.0,1,1.0,0,0.0,1.0,0,0,0.0,0,0,0,0,0,2.3025849999999997,81,0
203,3.05,12,10.0,0,0.0,1.0,1,2.0,1,1.0,0,0.0,0.0,0,0,1.0,0,0,0,0,0,1.115142,100,0
204,3.0,12,38.0,0,0.0,1.0,1,0.0,0,1.0,0,0.0,0.0,0,0,0.0,1,0,0,1,0,1.0986120000000001,1444,0
205,5.8,12,19.0,6,0.0,1.0,1,2.0,0,1.0,0,0.0,0.0,1,0,0.0,0,0,0,0,0,1.7578580000000001,361,36
206,4.1,16,5.0,0,0.0,1.0,1,0.0,1,1.0,0,0.0,0.0,0,0,0.0,0,1,1,0,0,1.410987,25,0
207,8.0,12,26.0,2,0.0,0.0,1,1.0,1,1.0,0,0.0,0.0,0,0,0.0,0,0,0,0,0,2.079442,676,4
208,6.15,12,35.0,12,0.0,1.0,0,0.0,1,1.0,0,0.0,0.0,0,0,1.0,0,0,0,0,0,1.816452,1225,144
209,2.7,9,2.0,0,0.0,1.0,0,1.0,1,1.0,0,0.0,0.0,0,0,1.0,0,0,0,1,0,0.9932518,4,0
210,2.75,13,1.0,2,0.0,1.0,0,1.0,1,1.0,0,0.0,0.0,0,0,0.0,0,1,0,0,1,1.011601,1,4
211,3.0,16,19.0,10,0.0,1.0,1,0.0,1,1.0,0,0.0,0.0,0,0,1.0,0,0,0,1,0,1.0986120000000001,361,100
212,3.0,14,3.0,2,0.0,1.0,0,0.0,1,1.0,0,0.0,0.0,0,0,0.0,0,1,0,0,1,1.0986120000000001,9,4
213,7.36,8,36.0,24,0.0,0.0,1,3.0,1,1.0,0,0.0,0.0,0,0,0.0,0,0,0,0,0,1.99606,1296,576
214,7.5,14,29.0,24,0.0,0.0,1,1.0,1,1.0,0,0.0,0.0,0,0,0.0,0,0,1,0,0,2.014903,841,576
215,3.5,13,1.0,2,0.0,0.0,0,3.0,1,1.0,0,0.0,0.0,0,0,1.0,0,0,0,0,0,1.2527629999999998,1,4
216,8.1,12,38.0,3,0.0,1.0,1,1.0,1,1.0,0,0.0,0.0,0,0,0.0,0,1,1,0,0,2.0918639999999997,1444,9
217,3.75,18,1.0,2,0.0,0.0,0,1.0,1,1.0,0,0.0,0.0,0,0,0.0,0,1,1,0,0,1.321756,1,4
218,3.25,9,29.0,0,1.0,0.0,1,1.0,1,1.0,0,0.0,0.0,0,0,0.0,0,0,0,0,0,1.178655,841,0
219,5.83,8,36.0,15,0.0,1.0,1,0.0,0,0.0,0,0.0,0.0,0,0,0.0,0,1,0,1,0,1.7630169999999998,1296,225
220,3.5,8,4.0,0,0.0,0.0,0,3.0,1,0.0,0,0.0,0.0,0,0,1.0,0,0,0,0,1,1.2527629999999998,16,0
221,3.33,12,45.0,4,0.0,1.0,1,0.0,0,0.0,0,0.0,0.0,0,0,1.0,0,0,0,0,0,1.202972,2025,16
222,4.0,14,22.0,3,0.0,1.0,0,0.0,1,0.0,0,0.0,1.0,0,0,0.0,0,0,0,1,0,1.3862940000000001,484,9
223,3.5,12,20.0,4,0.0,1.0,1,2.0,0,0.0,0,0.0,0.0,0,0,0.0,0,1,0,1,0,1.2527629999999998,400,16
224,6.25,16,5.0,0,0.0,0.0,1,0.0,1,0.0,0,0.0,0.0,1,0,0.0,0,0,1,0,0,1.832582,25,0
225,2.95,8,15.0,2,1.0,1.0,1,1.0,1,0.0,0,0.0,0.0,1,0,0.0,0,0,0,0,0,1.081805,225,4
226,5.71,13,10.0,2,0.0,1.0,1,0.0,1,0.0,0,0.0,0.0,0,0,1.0,0,0,1,0,0,1.742219,100,4
227,3.0,9,3.0,0,0.0,1.0,0,0.0,1,0.0,0,0.0,0.0,0,0,0.0,1,0,0,0,0,1.0986120000000001,9,0
228,22.86,16,16.0,7,0.0,0.0,1,2.0,1,0.0,0,0.0,0.0,0,0,0.0,0,0,1,0,0,3.1293889999999998,256,49
229,9.0,12,38.0,1,0.0,0.0,1,0.0,1,0.0,0,0.0,0.0,0,0,0.0,0,1,1,0,0,2.197225,1444,1
230,8.33,15,33.0,26,0.0,0.0,1,1.0,1,0.0,0,0.0,0.0,0,0,0.0,0,1,1,0,0,2.1198639999999997,1089,676
231,3.0,11,2.0,0,0.0,0.0,0,0.0,1,0.0,0,0.0,0.0,0,0,1.0,0,0,0,0,0,1.0986120000000001,4,0
232,5.75,14,6.0,5,0.0,0.0,1,0.0,1,0.0,0,0.0,0.0,0,0,1.0,0,0,1,0,0,1.7492,36,25
233,6.76,12,19.0,3,1.0,0.0,1,2.0,1,0.0,0,0.0,0.0,1,0,0.0,0,0,0,0,0,1.911023,361,9
234,10.0,12,29.0,0,0.0,0.0,1,2.0,1,0.0,0,0.0,0.0,0,0,0.0,0,1,0,1,0,2.3025849999999997,841,0
235,3.0,12,2.0,0,0.0,0.0,0,0.0,1,0.0,0,0.0,1.0,0,0,0.0,0,0,0,0,0,1.0986120000000001,4,0
236,3.5,18,3.0,1,0.0,1.0,0,0.0,1,0.0,0,0.0,0.0,0,1,0.0,0,0,1,0,0,1.2527629999999998,9,1
237,3.25,12,4.0,0,0.0,0.0,0,0.0,1,0.0,0,0.0,0.0,0,0,0.0,1,0,0,0,0,1.178655,16,0
238,4.0,12,10.0,1,1.0,1.0,0,0.0,1,0.0,0,0.0,0.0,0,0,0.0,0,1,0,1,0,1.3862940000000001,100,1
239,2.92,12,4.0,0,0.0,1.0,0,1.0,0,0.0,1,0.0,0.0,0,0,1.0,0,0,1,0,0,1.071584,16,0
240,3.06,12,14.0,10,1.0,1.0,0,3.0,0,0.0,1,0.0,0.0,0,0,1.0,0,0,0,0,0,1.118415,196,100
241,3.2,12,15.0,5,0.0,1.0,1,1.0,0,0.0,1,0.0,0.0,0,0,0.0,0,1,1,0,0,1.163151,225,25
242,4.75,12,19.0,0,0.0,0.0,1,3.0,0,0.0,1,0.0,0.0,0,0,0.0,0,0,0,0,0,1.5581450000000001,361,0
243,3.0,14,17.0,0,0.0,1.0,1,4.0,1,0.0,1,0.0,0.0,0,0,0.0,1,0,0,1,0,1.0986120000000001,289,0
244,18.16,16,29.0,7,0.0,0.0,1,1.0,1,0.0,1,0.0,0.0,1,0,0.0,0,0,1,0,0,2.899221,841,49
245,3.5,12,2.0,0,0.0,1.0,0,2.0,1,0.0,1,0.0,0.0,0,1,0.0,0,0,0,1,0,1.2527629999999998,4,0
246,4.11,14,5.0,0,0.0,0.0,0,0.0,0,0.0,1,0.0,0.0,0,0,0.0,0,1,1,0,0,1.4134229999999999,25,0
247,1.96,11,38.0,3,1.0,1.0,0,0.0,0,0.0,1,0.0,0.0,0,0,0.0,1,0,0,0,0,0.6729445,1444,9
248,4.29,12,3.0,0,0.0,1.0,0,0.0,0,0.0,1,0.0,0.0,0,0,1.0,0,0,0,0,1,1.456287,9,0
249,3.0,10,47.0,0,0.0,0.0,0,0.0,0,0.0,1,0.0,0.0,0,0,0.0,1,0,0,0,1,1.0986120000000001,2209,0
250,6.45,12,7.0,6,0.0,0.0,1,0.0,0,0.0,1,0.0,0.0,0,0,1.0,0,0,0,0,0,1.86408,49,36
251,5.2,6,47.0,13,1.0,0.0,1,0.0,1,0.0,1,0.0,1.0,0,0,0.0,0,0,0,0,0,1.648659,2209,169
252,4.5,13,23.0,2,1.0,1.0,0,0.0,1,0.0,1,0.0,0.0,0,0,1.0,0,0,1,0,0,1.504077,529,4
253,3.88,12,12.0,3,0.0,0.0,1,3.0,1,0.0,1,0.0,0.0,0,0,1.0,0,0,0,1,0,1.3558350000000001,144,9
254,3.45,10,11.0,0,0.0,1.0,0,2.0,1,0.0,1,0.0,0.0,0,0,1.0,0,0,0,0,1,1.238374,121,0
255,10.91,12,25.0,23,0.0,0.0,0,0.0,1,0.0,1,0.0,0.0,0,1,0.0,0,0,0,0,0,2.38968,625,529
256,4.1,14,6.0,0,0.0,1.0,1,0.0,1,0.0,1,0.0,0.0,0,0,0.0,1,0,0,0,1,1.410987,36,0
257,3.0,13,3.0,1,0.0,0.0,0,0.0,1,0.0,1,0.0,0.0,0,0,1.0,0,0,0,0,0,1.0986120000000001,9,1
258,5.9,12,14.0,7,1.0,0.0,1,2.0,1,0.0,1,0.0,0.0,0,0,0.0,1,0,0,0,0,1.774952,196,49
259,18.0,18,13.0,0,0.0,1.0,0,0.0,1,0.0,1,0.0,0.0,0,0,0.0,0,1,1,0,0,2.890372,169,0
260,4.0,12,9.0,0,0.0,0.0,0,0.0,1,0.0,1,0.0,0.0,0,0,0.0,0,1,1,0,0,1.3862940000000001,81,0
261,3.0,12,1.0,0,1.0,0.0,0,0.0,1,0.0,1,0.0,0.0,0,0,0.0,1,0,0,0,0,1.0986120000000001,1,0
262,3.55,12,6.0,0,0.0,1.0,1,1.0,0,0.0,0,0.0,0.0,0,0,0.0,0,0,0,0,0,1.266948,36,0
263,3.0,12,11.0,1,0.0,1.0,1,2.0,0,0.0,0,0.0,0.0,0,0,0.0,1,0,0,0,1,1.0986120000000001,121,1
264,8.75,12,47.0,44,0.0,0.0,1,0.0,0,0.0,0,0.0,0.0,0,0,0.0,0,0,0,0,0,2.169054,2209,1936
265,2.9,8,49.0,6,0.0,1.0,0,1.0,0,0.0,0,0.0,0.0,1,0,0.0,0,0,0,0,0,1.064711,2401,36
266,6.26,13,37.0,17,0.0,1.0,1,0.0,1,0.0,0,0.0,0.0,0,0,0.0,0,1,1,0,0,1.83418,1369,289
267,3.5,13,2.0,0,0.0,1.0,0,0.0,1,0.0,0,0.0,0.0,0,0,1.0,0,0,1,0,0,1.2527629999999998,4,0
268,4.6,14,7.0,0,0.0,1.0,1,0.0,1,0.0,0,0.0,0.0,0,0,1.0,0,0,0,1,0,1.5260559999999999,49,0
269,6.0,12,22.0,8,0.0,0.0,0,2.0,1,0.0,0,0.0,0.0,0,0,1.0,0,0,1,0,0,1.791759,484,64
270,2.89,10,8.0,0,0.0,1.0,0,1.0,1,0.0,0,0.0,0.0,0,0,0.0,0,0,0,0,0,1.061257,64,0
271,5.58,16,1.0,1,0.0,0.0,1,0.0,1,0.0,0,0.0,0.0,0,0,0.0,0,1,0,1,0,1.7191889999999999,1,1
272,4.0,12,43.0,6,0.0,1.0,1,0.0,0,0.0,0,0.0,0.0,0,1,0.0,0,0,0,0,0,1.3862940000000001,1849,36
273,6.0,16,2.0,2,0.0,0.0,0,0.0,1,0.0,0,0.0,0.0,1,0,0.0,0,0,0,0,0,1.791759,4,4
274,4.5,12,2.0,1,0.0,1.0,0,2.0,1,0.0,0,0.0,1.0,0,0,0.0,0,0,0,0,0,1.504077,4,1
275,2.92,14,1.0,3,0.0,0.0,0,0.0,1,0.0,0,0.0,0.0,0,0,0.0,0,1,0,1,0,1.071584,1,9
276,4.33,18,1.0,0,0.0,0.0,0,0.0,1,0.0,0,0.0,0.0,0,0,1.0,0,0,1,0,0,1.465567,1,0
277,18.89,17,26.0,20,0.0,0.0,1,2.0,1,0.0,0,0.0,0.0,0,0,0.0,0,1,1,0,0,2.9386330000000003,676,400
278,4.28,13,1.0,1,0.0,1.0,0,2.0,1,0.0,0,0.0,0.0,0,0,1.0,0,0,1,0,0,1.453953,1,1
279,4.57,14,37.0,7,0.0,1.0,1,0.0,1,0.0,0,0.0,0.0,0,0,0.0,1,0,0,0,1,1.519513,1369,49
280,6.25,15,12.0,4,0.0,1.0,1,2.0,1,0.0,0,0.0,0.0,0,0,0.0,0,1,1,0,0,1.832582,144,16
281,2.95,14,41.0,23,1.0,0.0,1,0.0,0,1.0,0,0.0,0.0,0,0,0.0,0,1,1,0,0,1.081805,1681,529
282,8.75,12,24.0,1,0.0,0.0,0,0.0,1,1.0,0,0.0,0.0,1,0,0.0,0,0,1,0,0,2.169054,576,1
283,8.5,8,38.0,26,0.0,0.0,0,0.0,1,1.0,0,0.0,0.0,0,0,0.0,0,0,0,0,0,2.140066,1444,676
284,3.75,12,18.0,0,0.0,1.0,1,4.0,1,1.0,0,0.0,0.0,0,0,0.0,0,1,0,1,0,1.321756,324,0
285,3.15,12,26.0,1,0.0,0.0,1,0.0,1,1.0,0,0.0,0.0,0,0,1.0,0,0,1,0,0,1.1474030000000002,676,1
286,5.0,8,45.0,2,0.0,0.0,0,0.0,0,1.0,0,0.0,0.0,1,0,0.0,0,0,0,0,0,1.609438,2025,4
287,6.46,12,27.0,0,0.0,0.0,1,3.0,0,1.0,0,0.0,0.0,0,0,0.0,0,0,0,0,0,1.865629,729,0
288,2.0,9,2.0,0,0.0,0.0,0,3.0,0,1.0,0,0.0,0.0,0,0,1.0,0,0,0,0,1,0.6931472,4,0
289,4.79,12,41.0,8,0.0,0.0,1,0.0,1,1.0,0,0.0,0.0,0,0,1.0,0,0,1,0,0,1.56653,1681,64
290,5.78,16,11.0,4,0.0,0.0,1,2.0,1,1.0,0,0.0,0.0,1,0,0.0,0,0,1,0,0,1.754404,121,16
291,3.18,12,5.0,0,0.0,1.0,1,0.0,1,1.0,0,0.0,0.0,0,0,0.0,0,1,0,0,1,1.156881,25,0
292,4.68,16,3.0,1,0.0,1.0,0,0.0,1,1.0,0,0.0,0.0,0,0,0.0,0,1,1,0,0,1.543298,9,1
293,4.1,12,3.0,2,0.0,1.0,0,0.0,1,1.0,0,0.0,0.0,0,0,0.0,0,1,0,0,1,1.410987,9,4
294,2.91,12,4.0,0,0.0,0.0,1,0.0,1,0.0,1,0.0,0.0,0,0,1.0,0,0,0,0,0,1.0681530000000001,16,0
295,6.0,13,21.0,13,0.0,0.0,1,4.0,0,0.0,1,0.0,0.0,1,0,0.0,0,0,0,0,0,1.791759,441,169
296,3.6,10,34.0,26,0.0,1.0,1,0.0,0,0.0,1,0.0,0.0,1,0,0.0,0,0,0,0,0,1.280934,1156,676
297,3.95,6,49.0,6,0.0,0.0,1,6.0,0,0.0,1,0.0,0.0,0,0,0.0,0,0,0,0,0,1.373716,2401,36
298,7.0,12,6.0,5,1.0,0.0,1,1.0,0,0.0,1,0.0,1.0,0,0,0.0,0,0,0,0,0,1.9459099999999998,36,25
299,3.0,12,26.0,9,0.0,1.0,1,0.0,0,0.0,1,0.0,0.0,0,0,0.0,1,0,0,0,1,1.0986120000000001,676,81
300,6.08,16,9.0,0,0.0,0.0,0,0.0,0,0.0,1,0.0,0.0,0,0,0.0,1,0,1,0,0,1.805005,81,0
301,8.63,12,23.0,9,0.0,0.0,1,1.0,0,0.0,1,0.0,0.0,1,0,0.0,0,0,0,0,0,2.155245,529,81
302,3.0,8,33.0,2,0.0,0.0,1,0.0,0,0.0,1,0.0,0.0,1,0,0.0,0,0,0,0,0,1.0986120000000001,1089,4
303,3.75,12,5.0,2,0.0,1.0,1,1.0,0,0.0,1,0.0,0.0,0,0,0.0,0,1,0,1,0,1.321756,25,4
304,2.9,6,49.0,7,0.0,0.0,1,0.0,0,0.0,1,0.0,0.0,0,0,0.0,0,0,0,0,1,1.064711,2401,49
305,3.0,4,48.0,0,1.0,0.0,1,0.0,0,0.0,1,0.0,0.0,1,0,0.0,0,0,0,0,0,1.0986120000000001,2304,0
306,6.25,11,35.0,31,0.0,0.0,1,0.0,1,0.0,1,0.0,0.0,0,0,1.0,0,0,0,0,0,1.832582,1225,961
307,3.5,11,,2,,,0,,0,,1,,,1,0,,0,0,0,0,0,1.2527629999999998,529,4
308,3.0,7,26.0,1,0.0,1.0,0,3.0,0,0.0,1,0.0,0.0,0,0,1.0,0,0,0,0,1,1.0986120000000001,676,1
309,3.24,12,16.0,0,0.0,1.0,1,2.0,1,0.0,1,0.0,0.0,0,0,1.0,0,0,0,1,0,1.175573,256,0
310,8.02,18,23.0,3,0.0,1.0,1,1.0,1,0.0,1,0.0,0.0,0,0,0.0,0,1,1,0,0,2.0819389999999998,529,9
311,3.33,12,36.0,8,0.0,1.0,1,1.0,1,0.0,1,0.0,0.0,0,0,0.0,0,1,0,1,0,1.202972,1296,64
312,5.25,16,4.0,0,0.0,0.0,0,0.0,1,0.0,1,0.0,0.0,1,0,0.0,0,0,1,0,0,1.6582279999999998,16,0
313,6.25,12,10.0,0,0.0,0.0,1,3.0,1,0.0,1,0.0,1.0,0,0,0.0,0,0,0,0,0,1.832582,100,0
314,3.5,14,18.0,2,0.0,0.0,1,1.0,0,1.0,0,0.0,0.0,0,0,1.0,0,0,1,0,0,1.2527629999999998,324,4
315,2.95,12,3.0,1,0.0,0.0,0,1.0,0,1.0,0,0.0,0.0,0,0,1.0,0,0,0,0,0,1.081805,9,1
316,3.0,10,7.0,0,0.0,1.0,1,2.0,0,1.0,0,0.0,0.0,0,0,0.0,0,1,0,0,1,1.0986120000000001,49,0
317,4.69,10,7.0,7,0.0,0.0,0,0.0,0,1.0,0,0.0,0.0,0,0,0.0,0,0,0,0,0,1.545433,49,49
318,3.73,9,33.0,2,0.0,1.0,0,1.0,0,1.0,0,0.0,0.0,0,0,0.0,0,0,0,0,0,1.316408,1089,4
319,4.0,10,34.0,12,0.0,0.0,1,0.0,0,1.0,0,0.0,0.0,0,0,0.0,0,0,0,0,0,1.3862940000000001,1156,144
320,4.0,12,8.0,0,0.0,1.0,1,2.0,0,1.0,0,0.0,0.0,0,0,1.0,0,0,1,0,0,1.3862940000000001,64,0
321,2.9,12,17.0,1,0.0,1.0,1,2.0,0,1.0,0,0.0,0.0,1,0,0.0,0,0,0,0,0,1.064711,289,1
322,3.05,12,2.0,0,0.0,1.0,0,1.0,0,1.0,0,0.0,0.0,0,0,0.0,0,1,0,0,1,1.115142,4,0
323,5.05,10,5.0,0,0.0,1.0,0,0.0,1,1.0,0,0.0,0.0,0,0,0.0,0,1,0,1,0,1.6193879999999998,25,0
324,13.95,16,41.0,16,0.0,0.0,1,0.0,1,1.0,0,0.0,0.0,1,0,0.0,0,0,1,0,0,2.635479,1681,256
325,18.16,16,35.0,28,0.0,0.0,1,1.0,1,1.0,0,0.0,0.0,1,0,0.0,0,0,1,0,0,2.899221,1225,784
326,6.25,16,11.0,4,0.0,0.0,0,0.0,1,1.0,0,0.0,0.0,0,0,0.0,1,0,1,0,0,1.832582,121,16
327,5.25,12,4.0,0,1.0,0.0,0,0.0,1,1.0,0,0.0,0.0,1,0,0.0,0,0,0,1,0,1.6582279999999998,16,0
328,4.79,12,12.0,3,0.0,1.0,1,3.0,1,1.0,0,0.0,0.0,0,0,0.0,0,1,1,0,0,1.56653,144,9
329,3.35,7,,0,,,0,,1,,1,,,0,0,,0,0,0,0,0,1.20896,1225,0
330,3.0,8,33.0,0,0.0,0.0,1,1.0,1,0.0,1,0.0,0.0,0,1,0.0,0,0,0,0,0,1.0986120000000001,1089,0
331,8.43,16,8.0,6,0.0,0.0,1,0.0,1,0.0,1,0.0,0.0,1,0,0.0,0,0,1,0,0,2.131797,64,36
332,5.7,16,2.0,0,0.0,0.0,0,0.0,1,0.0,1,0.0,0.0,0,0,1.0,0,0,1,0,0,1.740466,4,0
333,11.98,18,8.0,10,0.0,0.0,1,2.0,1,0.0,1,0.0,0.0,0,1,0.0,0,0,1,0,0,2.483238,64,100
334,3.5,13,29.0,1,0.0,1.0,1,0.0,0,0.0,1,0.0,0.0,0,0,0.0,0,1,0,1,0,1.2527629999999998,841,1
335,4.24,10,14.0,5,1.0,0.0,1,1.0,0,0.0,1,0.0,0.0,0,0,1.0,0,0,0,0,0,1.4445629999999998,196,25
336,7.0,16,26.0,3,0.0,1.0,1,1.0,1,0.0,1,0.0,0.0,0,0,0.0,0,1,1,0,0,1.9459099999999998,676,9
337,6.0,14,11.0,3,0.0,1.0,1,2.0,1,0.0,1,0.0,0.0,0,0,0.0,0,1,0,1,0,1.791759,121,9
338,12.22,16,10.0,2,0.0,0.0,0,0.0,1,0.0,1,0.0,0.0,0,0,0.0,0,1,1,0,0,2.5030740000000002,100,4
339,4.5,12,13.0,0,0.0,0.0,1,0.0,1,0.0,1,0.0,0.0,0,0,1.0,0,0,0,0,0,1.504077,169,0
340,3.0,9,23.0,20,0.0,1.0,1,2.0,0,0.0,1,0.0,0.0,1,0,0.0,0,0,0,0,0,1.0986120000000001,529,400
341,2.9,11,1.0,2,1.0,0.0,0,2.0,0,0.0,1,0.0,0.0,0,0,1.0,0,0,0,0,1,1.064711,1,4
342,15.0,11,35.0,31,0.0,0.0,1,0.0,0,0.0,1,0.0,0.0,1,0,0.0,0,0,0,0,0,2.70805,1225,961
343,4.0,12,5.0,2,0.0,0.0,1,0.0,0,0.0,1,0.0,1.0,0,0,0.0,0,0,0,0,0,1.3862940000000001,25,4
344,5.25,11,13.0,11,0.0,0.0,1,2.0,0,0.0,1,0.0,0.0,1,0,0.0,0,0,0,0,0,1.6582279999999998,169,121
345,4.0,12,22.0,3,0.0,0.0,1,3.0,0,0.0,1,0.0,0.0,1,0,0.0,0,0,0,0,0,1.3862940000000001,484,9
346,3.3,12,21.0,9,0.0,1.0,1,2.0,0,0.0,1,0.0,0.0,0,0,1.0,0,0,1,0,0,1.193922,441,81
347,5.05,12,19.0,0,0.0,1.0,1,3.0,0,0.0,1,0.0,0.0,0,0,0.0,0,1,0,1,0,1.6193879999999998,361,0
348,3.58,12,13.0,0,0.0,0.0,0,0.0,1,0.0,1,0.0,0.0,0,0,0.0,1,0,0,0,0,1.275363,169,0
349,5.0,14,15.0,5,0.0,0.0,1,2.0,0,0.0,1,0.0,0.0,0,0,1.0,0,0,1,0,0,1.609438,225,25
350,4.57,14,3.0,0,0.0,0.0,1,0.0,0,0.0,1,0.0,0.0,0,0,0.0,0,1,1,0,0,1.519513,9,0
351,12.5,18,6.0,2,0.0,0.0,0,0.0,1,0.0,1,0.0,0.0,0,0,0.0,1,0,0,1,0,2.525729,36,4
352,3.45,12,6.0,5,0.0,1.0,1,0.0,1,0.0,1,0.0,0.0,0,0,1.0,0,0,0,1,0,1.238374,36,25
353,4.63,12,16.0,1,0.0,1.0,0,0.0,1,0.0,1,0.0,0.0,0,0,0.0,0,1,0,1,0,1.532557,256,1
354,10.0,12,31.0,2,0.0,0.0,1,0.0,1,0.0,1,0.0,0.0,0,0,1.0,0,0,1,0,0,2.3025849999999997,961,4
355,2.92,11,1.0,0,0.0,1.0,0,1.0,0,1.0,0,0.0,0.0,0,0,1.0,0,0,0,0,1,1.071584,1,0
356,4.51,12,5.0,2,0.0,0.0,0,0.0,1,1.0,0,0.0,0.0,0,0,1.0,0,0,0,0,0,1.506297,25,4
357,6.5,17,3.0,0,0.0,0.0,1,0.0,1,1.0,0,0.0,0.0,0,0,0.0,0,1,1,0,0,1.871802,9,0
358,7.5,16,11.0,0,0.0,0.0,1,0.0,1,1.0,0,0.0,0.0,0,0,0.0,1,0,1,0,0,2.014903,121,0
359,3.54,13,6.0,7,0.0,1.0,1,0.0,0,1.0,0,0.0,0.0,0,0,0.0,0,1,0,1,0,1.264127,36,49
360,4.2,13,11.0,3,0.0,1.0,1,2.0,1,1.0,0,0.0,0.0,0,0,1.0,0,0,0,1,0,1.435084,121,9
361,3.51,12,7.0,2,0.0,1.0,1,0.0,1,1.0,0,0.0,0.0,0,0,1.0,0,0,0,1,0,1.255616,49,4
362,4.5,14,5.0,0,0.0,0.0,1,0.0,1,1.0,0,0.0,1.0,0,0,0.0,0,0,1,0,0,1.504077,25,0
363,3.35,14,5.0,4,0.0,1.0,1,0.0,1,1.0,0,0.0,0.0,0,0,1.0,0,0,1,0,0,1.20896,25,16
364,2.91,11,2.0,2,0.0,0.0,0,2.0,1,1.0,0,0.0,0.0,0,0,1.0,0,0,0,0,1,1.0681530000000001,4,4
365,5.25,10,44.0,7,0.0,0.0,1,1.0,1,1.0,0,0.0,0.0,0,0,0.0,0,0,0,0,0,1.6582279999999998,1936,49
366,4.05,8,44.0,25,0.0,0.0,1,0.0,1,1.0,0,0.0,0.0,1,0,0.0,0,0,0,0,1,1.398717,1936,625
367,3.75,14,13.0,0,0.0,1.0,1,3.0,1,1.0,0,0.0,0.0,0,0,1.0,0,0,0,1,0,1.321756,169,0
368,3.4,12,26.0,15,0.0,1.0,1,1.0,1,1.0,0,0.0,1.0,0,0,0.0,0,0,0,1,0,1.223776,676,225
369,3.0,10,2.0,1,0.0,1.0,0,1.0,1,0.0,1,0.0,0.0,0,0,1.0,0,0,0,1,0,1.0986120000000001,4,1
370,6.29,17,10.0,3,0.0,0.0,1,1.0,1,0.0,1,0.0,0.0,0,0,0.0,1,0,1,0,0,1.838961,100,9
371,2.54,9,2.0,0,0.0,1.0,0,1.0,1,0.0,1,0.0,0.0,0,0,1.0,0,0,0,0,1,0.9321640999999999,4,0
372,4.5,12,35.0,0,0.0,1.0,1,1.0,1,0.0,1,0.0,0.0,0,0,1.0,0,0,0,1,0,1.504077,1225,0
373,3.13,12,6.0,5,0.0,1.0,1,1.0,1,0.0,1,0.0,0.0,0,0,0.0,0,1,0,1,0,1.141033,36,25
374,6.36,14,8.0,1,0.0,0.0,1,0.0,1,0.0,1,0.0,0.0,0,0,1.0,0,0,1,0,0,1.8500279999999998,64,1
375,4.68,16,1.0,0,0.0,0.0,0,0.0,1,0.0,1,0.0,0.0,1,0,0.0,0,0,1,0,0,1.543298,1,0
376,6.8,12,14.0,10,0.0,0.0,1,2.0,0,0.0,1,0.0,0.0,1,0,0.0,0,0,0,0,0,1.916923,196,100
377,8.53,10,14.0,6,0.0,0.0,1,0.0,0,0.0,1,0.0,0.0,0,0,0.0,0,0,0,0,0,2.143589,196,36
378,4.17,0,22.0,10,0.0,1.0,0,0.0,0,0.0,1,0.0,0.0,0,0,0.0,1,0,0,0,0,1.427916,484,100
379,3.75,14,8.0,4,0.0,1.0,1,0.0,0,0.0,1,0.0,0.0,0,1,0.0,0,0,1,0,0,1.321756,64,16
380,11.1,15,1.0,4,0.0,1.0,0,2.0,0,0.0,1,0.0,0.0,0,0,0.0,0,1,0,1,0,2.406945,1,16
381,3.26,16,15.0,5,1.0,1.0,1,2.0,1,0.0,1,0.0,0.0,0,0,1.0,0,0,1,0,0,1.181727,225,25
382,9.13,12,14.0,12,0.0,0.0,1,3.0,1,0.0,1,0.0,0.0,1,0,0.0,0,0,1,0,0,2.211566,196,144
383,4.5,11,37.0,10,0.0,0.0,1,2.0,1,0.0,1,0.0,0.0,1,0,0.0,0,0,0,0,0,1.504077,1369,100
384,3.0,11,1.0,1,0.0,1.0,0,1.0,1,0.0,1,0.0,0.0,0,0,0.0,0,1,0,0,1,1.0986120000000001,1,1
385,8.75,12,4.0,4,0.0,0.0,1,0.0,1,0.0,1,0.0,0.0,0,0,0.0,0,1,0,1,0,2.169054,16,16
386,4.14,13,29.0,0,0.0,1.0,1,0.0,1,0.0,1,0.0,0.0,0,0,1.0,0,0,0,1,0,1.420696,841,0
387,2.87,12,45.0,8,0.0,1.0,1,0.0,0,1.0,0,0.0,0.0,0,0,1.0,0,0,1,0,0,1.0543120000000001,2025,64
388,3.35,13,22.0,0,0.0,1.0,0,2.0,0,1.0,0,0.0,0.0,0,0,1.0,0,0,0,1,0,1.20896,484,0
389,6.08,16,42.0,10,0.0,0.0,0,0.0,0,1.0,0,0.0,0.0,0,0,1.0,0,0,1,0,0,1.805005,1764,100
390,3.0,15,9.0,0,1.0,0.0,0,0.0,0,1.0,0,0.0,0.0,0,0,0.0,1,0,0,0,0,1.0986120000000001,81,0
391,4.2,16,8.0,0,0.0,1.0,1,1.0,1,1.0,0,0.0,0.0,0,0,0.0,0,1,0,1,0,1.435084,64,0
392,5.6,15,31.0,15,0.0,1.0,0,2.0,1,1.0,0,0.0,0.0,0,0,0.0,0,1,0,0,1,1.7227669999999997,961,225
393,10.0,12,24.0,24,0.0,0.0,1,0.0,1,1.0,0,0.0,0.0,1,0,0.0,0,0,0,0,0,2.3025849999999997,576,576
394,12.5,18,16.0,5,0.0,0.0,1,1.0,1,1.0,0,0.0,0.0,0,0,0.0,0,1,1,0,0,2.525729,256,25
395,3.76,6,6.0,0,0.0,0.0,0,4.0,0,0.0,1,0.0,0.0,0,0,0.0,0,0,0,0,0,1.324419,36,0
396,3.1,6,14.0,0,1.0,1.0,0,5.0,1,0.0,1,0.0,0.0,0,0,1.0,0,0,0,1,0,1.131402,196,0
397,4.29,12,47.0,25,0.0,1.0,1,2.0,1,0.0,1,0.0,0.0,1,0,0.0,0,0,0,1,0,1.456287,2209,625
398,10.92,12,34.0,5,0.0,0.0,1,0.0,0,0.0,1,0.0,0.0,0,0,0.0,0,1,1,0,0,2.390596,1156,25
399,7.5,16,6.0,2,0.0,1.0,1,1.0,1,0.0,1,0.0,0.0,0,0,0.0,0,1,1,0,0,2.014903,36,4
400,4.05,9,7.0,4,0.0,1.0,1,1.0,1,0.0,1,0.0,0.0,0,0,0.0,0,0,0,0,0,1.398717,49,16
401,4.65,12,27.0,2,0.0,0.0,1,3.0,1,0.0,1,0.0,0.0,0,0,0.0,0,0,0,0,1,1.536867,729,4
402,5.0,11,24.0,5,0.0,0.0,1,0.0,1,0.0,1,0.0,0.0,0,0,1.0,0,0,0,0,0,1.609438,576,25
403,2.9,10,18.0,0,0.0,1.0,1,2.0,0,0.0,1,0.0,0.0,0,0,1.0,0,0,0,1,0,1.064711,324,0
404,8.0,12,12.0,3,1.0,1.0,0,1.0,0,0.0,1,0.0,0.0,0,0,0.0,0,0,0,0,0,2.079442,144,9
405,8.43,8,27.0,3,0.0,0.0,1,3.0,1,0.0,1,0.0,0.0,1,0,0.0,0,0,0,0,0,2.131797,729,9
406,2.92,9,49.0,0,0.0,1.0,0,0.0,1,0.0,1,0.0,0.0,0,0,0.0,1,0,0,0,0,1.071584,2401,0
407,6.25,17,4.0,0,0.0,1.0,0,0.0,1,0.0,0,1.0,0.0,0,0,1.0,0,0,1,0,0,1.832582,16,0
408,6.25,16,24.0,2,0.0,1.0,1,2.0,1,0.0,0,1.0,0.0,0,0,0.0,0,1,1,0,0,1.832582,576,4
409,5.11,11,3.0,0,0.0,0.0,0,0.0,1,0.0,0,1.0,1.0,0,0,0.0,0,0,0,0,0,1.631199,9,0
410,4.0,10,2.0,0,0.0,1.0,0,1.0,1,0.0,0,1.0,0.0,0,0,0.0,1,0,0,0,0,1.3862940000000001,4,0
411,4.44,8,29.0,11,0.0,0.0,1,3.0,0,0.0,1,0.0,0.0,0,0,1.0,0,0,1,0,0,1.4906540000000001,841,121
412,6.88,13,34.0,21,0.0,0.0,1,0.0,0,0.0,1,0.0,0.0,0,0,0.0,1,0,1,0,0,1.9286189999999999,1156,441
413,5.43,14,10.0,3,1.0,0.0,1,1.0,1,0.0,1,0.0,0.0,0,0,1.0,0,0,1,0,0,1.6919389999999999,100,9
414,3.0,13,5.0,0,0.0,1.0,0,1.0,1,0.0,1,0.0,0.0,0,0,0.0,0,1,0,0,1,1.0986120000000001,25,0
415,2.9,11,2.0,0,0.0,1.0,0,2.0,1,0.0,1,0.0,0.0,0,0,1.0,0,0,1,0,0,1.064711,4,0
416,6.25,7,39.0,21,1.0,0.0,1,0.0,1,0.0,1,0.0,0.0,0,0,1.0,0,0,0,0,0,1.832582,1521,441
417,4.34,16,5.0,2,1.0,1.0,0,0.0,1,0.0,1,0.0,0.0,0,0,0.0,0,1,0,1,0,1.467874,25,4
418,3.25,12,14.0,2,0.0,1.0,1,2.0,0,0.0,1,0.0,0.0,0,1,0.0,0,0,0,1,0,1.178655,196,4
419,7.26,13,8.0,2,0.0,0.0,0,0.0,1,0.0,1,0.0,0.0,0,0,1.0,0,0,1,0,0,1.98238,64,4
420,6.35,14,10.0,1,0.0,1.0,1,2.0,1,0.0,1,0.0,0.0,0,0,0.0,0,0,0,0,0,1.848455,100,1
421,5.63,16,2.0,2,0.0,0.0,1,0.0,1,0.0,0,0.0,0.0,0,0,1.0,0,0,0,0,1,1.7281090000000001,4,4
422,8.75,14,9.0,3,0.0,0.0,1,1.0,1,0.0,0,0.0,0.0,1,0,0.0,0,0,1,0,0,2.169054,81,9
423,3.2,11,1.0,0,0.0,0.0,0,0.0,0,0.0,0,0.0,0.0,0,0,1.0,0,0,0,0,1,1.163151,1,0
424,3.0,8,45.0,1,0.0,1.0,1,0.0,0,0.0,0,0.0,0.0,0,0,0.0,0,0,0,0,0,1.0986120000000001,2025,1
425,3.0,14,33.0,3,0.0,1.0,1,0.0,1,0.0,0,0.0,0.0,0,0,0.0,0,1,0,0,1,1.0986120000000001,1089,9
426,12.5,17,,18,,,1,,1,,0,,,0,0,,0,0,1,0,0,2.525729,441,324
427,2.88,10,2.0,0,0.0,1.0,0,3.0,1,0.0,0,0.0,0.0,0,0,1.0,0,0,0,1,0,1.05779,4,0
428,3.35,12,9.0,1,0.0,0.0,1,0.0,1,1.0,0,0.0,0.0,0,0,1.0,0,0,0,0,0,1.20896,81,1
429,6.5,12,33.0,2,0.0,0.0,1,0.0,0,1.0,0,0.0,0.0,0,0,0.0,0,0,0,0,0,1.871802,1089,4
430,10.38,18,,2,,,1,,1,,0,,,0,0,,0,1,1,0,0,2.339881,256,4
431,4.5,14,10.0,0,0.0,0.0,1,0.0,1,1.0,0,0.0,0.0,0,0,0.0,0,1,0,0,0,1.504077,100,0
432,10.0,18,9.0,8,0.0,0.0,0,0.0,0,1.0,0,0.0,0.0,0,1,0.0,0,0,1,0,0,2.3025849999999997,81,64
433,3.81,12,8.0,1,0.0,1.0,1,2.0,0,1.0,0,0.0,0.0,0,0,0.0,1,0,0,0,1,1.3376290000000002,64,1
434,8.8,16,,1,,,1,,0,,1,,,0,0,,0,1,1,0,0,2.1747520000000002,81,1
435,9.42,14,23.0,0,0.0,1.0,1,2.0,0,0.0,1,0.0,0.0,0,0,0.0,1,0,0,0,0,2.242835,529,0
436,6.33,12,23.0,8,0.0,0.0,1,2.0,0,0.0,1,0.0,0.0,0,0,0.0,0,0,1,0,0,1.8453,529,64
437,4.0,9,22.0,18,1.0,0.0,0,0.0,0,0.0,1,0.0,0.0,0,0,0.0,0,0,0,0,0,1.3862940000000001,484,324
438,2.9,12,37.0,0,0.0,1.0,1,0.0,0,0.0,1,0.0,0.0,0,0,1.0,0,0,1,0,0,1.064711,1369,0
439,20.0,12,22.0,4,0.0,0.0,1,1.0,0,0.0,1,0.0,0.0,0,0,1.0,0,0,1,0,0,2.995732,484,16
440,11.25,17,28.0,25,0.0,0.0,1,1.0,1,0.0,1,0.0,0.0,1,0,0.0,0,0,0,0,0,2.420368,784,625
441,3.5,12,14.0,0,1.0,1.0,0,2.0,1,0.0,1,0.0,1.0,0,0,0.0,0,0,0,0,0,1.2527629999999998,196,0
442,6.0,15,19.0,4,0.0,1.0,1,2.0,1,0.0,1,0.0,0.0,0,0,0.0,0,1,0,0,1,1.791759,361,16
443,14.38,17,10.0,9,1.0,0.0,1,1.0,0,0.0,1,0.0,0.0,1,0,0.0,0,0,1,0,0,2.665838,100,81
444,6.36,16,25.0,0,0.0,0.0,1,1.0,1,0.0,1,0.0,0.0,1,0,0.0,0,0,1,0,0,1.8500279999999998,625,0
445,3.55,12,21.0,0,0.0,1.0,1,1.0,0,0.0,1,0.0,0.0,1,0,0.0,0,0,0,0,0,1.266948,441,0
446,3.0,15,32.0,0,0.0,0.0,1,0.0,1,0.0,1,0.0,0.0,0,0,0.0,1,0,0,0,1,1.0986120000000001,1024,0
447,4.5,16,21.0,10,0.0,0.0,1,1.0,1,0.0,1,0.0,0.0,0,0,1.0,0,0,1,0,0,1.504077,441,100
448,6.63,12,36.0,0,0.0,1.0,0,0.0,1,0.0,1,0.0,0.0,0,0,1.0,0,0,0,1,0,1.891605,1296,0
449,9.3,15,2.0,2,0.0,0.0,1,0.0,1,0.0,1,0.0,0.0,0,0,1.0,0,0,0,0,0,2.230014,4,4
450,3.0,12,11.0,0,0.0,1.0,1,2.0,1,0.0,1,0.0,0.0,0,0,1.0,0,0,1,0,0,1.0986120000000001,121,0
451,3.25,12,40.0,2,0.0,1.0,0,0.0,0,1.0,0,0.0,0.0,0,0,1.0,0,0,0,0,1,1.178655,1600,4
452,1.5,12,11.0,1,0.0,1.0,1,2.0,0,1.0,0,0.0,0.0,0,0,0.0,0,1,0,0,1,0.40546509999999997,121,1
453,5.9,12,9.0,7,0.0,1.0,1,1.0,1,1.0,0,0.0,0.0,0,0,0.0,0,0,0,0,0,1.774952,81,49
454,8.0,16,23.0,4,0.0,0.0,0,0.0,1,1.0,0,0.0,0.0,0,0,1.0,0,0,1,0,0,2.079442,529,16
455,2.9,11,1.0,0,0.0,1.0,0,1.0,1,1.0,0,0.0,0.0,0,0,1.0,0,0,1,0,0,1.064711,1,0
456,3.29,14,30.0,13,0.0,0.0,0,0.0,1,1.0,0,0.0,0.0,0,0,1.0,0,0,1,0,0,1.190888,900,169
457,6.5,14,41.0,33,0.0,0.0,1,0.0,1,1.0,0,0.0,0.0,0,0,1.0,0,0,1,0,0,1.871802,1681,1089
458,4.0,13,6.0,0,0.0,1.0,0,1.0,1,1.0,0,0.0,1.0,0,0,0.0,0,0,0,1,0,1.3862940000000001,36,0
459,6.0,14,11.0,0,0.0,0.0,1,0.0,0,1.0,0,0.0,0.0,0,0,1.0,0,0,0,0,0,1.791759,121,0
460,4.08,12,43.0,17,0.0,1.0,1,0.0,1,1.0,0,0.0,0.0,0,0,0.0,0,1,0,1,0,1.406097,1849,289
461,3.75,12,39.0,2,0.0,1.0,1,0.0,1,1.0,0,0.0,0.0,0,0,0.0,1,0,1,0,0,1.321756,1521,4
462,3.05,8,50.0,24,0.0,1.0,0,0.0,0,0.0,1,0.0,0.0,1,0,0.0,0,0,0,0,0,1.115142,2500,576
463,3.5,12,26.0,20,0.0,1.0,1,0.0,0,0.0,1,0.0,0.0,1,0,0.0,0,0,0,0,0,1.2527629999999998,676,400
464,2.92,3,51.0,30,1.0,0.0,0,0.0,1,0.0,1,0.0,0.0,0,0,0.0,1,0,0,0,1,1.071584,2601,900
465,4.5,11,3.0,9,0.0,0.0,0,0.0,1,0.0,1,0.0,1.0,0,0,0.0,0,0,0,0,0,1.504077,9,81
466,3.35,15,3.0,1,0.0,1.0,1,2.0,1,0.0,1,0.0,0.0,0,0,0.0,1,0,0,1,0,1.20896,9,1
467,5.95,11,15.0,9,1.0,0.0,1,1.0,0,0.0,1,0.0,1.0,0,0,0.0,0,0,0,0,0,1.783391,225,81
468,8.0,12,17.0,6,0.0,0.0,1,2.0,0,0.0,1,0.0,0.0,0,0,1.0,0,0,1,0,0,2.079442,289,36
469,3.0,4,36.0,0,0.0,0.0,1,1.0,0,0.0,1,0.0,1.0,0,0,0.0,0,0,0,0,0,1.0986120000000001,1296,0
470,5.0,9,31.0,9,1.0,0.0,1,6.0,0,0.0,1,0.0,0.0,0,0,0.0,0,0,0,0,0,1.609438,961,81
471,5.5,12,9.0,4,0.0,0.0,1,1.0,0,0.0,1,0.0,0.0,0,0,1.0,0,0,0,0,0,1.704748,81,16
472,2.65,12,42.0,10,0.0,1.0,1,0.0,1,0.0,0,1.0,0.0,0,0,0.0,1,0,0,1,0,0.9745597,1764,100
473,3.0,11,3.0,0,0.0,1.0,0,2.0,1,0.0,0,1.0,0.0,0,0,1.0,0,0,0,0,0,1.0986120000000001,9,0
474,4.5,12,37.0,14,0.0,1.0,1,0.0,0,0.0,0,1.0,0.0,0,0,0.0,0,1,0,1,0,1.504077,1369,196
475,17.5,16,23.0,22,0.0,0.0,1,3.0,1,0.0,0,1.0,0.0,0,0,1.0,0,0,1,0,0,2.8622009999999998,529,484
476,8.18,13,21.0,5,0.0,0.0,0,0.0,1,0.0,0,1.0,0.0,0,0,1.0,0,0,1,0,0,2.101692,441,25
477,9.09,15,11.0,12,0.0,0.0,1,1.0,1,0.0,0,1.0,0.0,0,1,0.0,0,0,1,0,0,2.207175,121,144
478,11.82,16,35.0,13,0.0,0.0,1,0.0,1,0.0,0,1.0,0.0,0,1,0.0,0,0,1,0,0,2.469793,1225,169
479,3.25,12,42.0,0,0.0,1.0,1,0.0,1,0.0,0,1.0,0.0,0,0,1.0,0,0,1,0,0,1.178655,1764,0
480,4.5,12,3.0,0,0.0,0.0,0,0.0,1,0.0,0,1.0,0.0,0,0,0.0,0,0,0,0,0,1.504077,9,0
481,4.5,12,13.0,0,0.0,0.0,1,0.0,1,0.0,0,1.0,0.0,0,0,0.0,0,0,0,0,0,1.504077,169,0
482,3.71,9,14.0,7,0.0,0.0,1,2.0,0,0.0,1,0.0,0.0,1,0,0.0,0,0,0,0,0,1.311032,196,49
483,6.5,10,14.0,11,0.0,0.0,1,3.0,0,0.0,1,0.0,0.0,0,0,1.0,0,0,0,0,0,1.871802,196,121
484,2.9,12,39.0,1,0.0,1.0,1,0.0,0,0.0,1,0.0,0.0,0,0,0.0,0,1,0,0,1,1.064711,1521,1
485,5.6,11,11.0,8,0.0,0.0,1,2.0,0,0.0,1,0.0,0.0,0,0,0.0,0,0,0,1,0,1.7227669999999997,121,64
486,2.23,8,28.0,3,0.0,0.0,1,4.0,0,0.0,1,0.0,0.0,0,0,0.0,0,1,1,0,0,0.8020016,784,9
487,5.0,6,18.0,0,0.0,1.0,1,3.0,1,0.0,0,1.0,0.0,0,0,1.0,0,0,0,0,1,1.609438,324,0
488,8.33,16,6.0,2,0.0,0.0,1,0.0,1,0.0,0,1.0,0.0,0,1,0.0,0,0,0,1,0,2.1198639999999997,36,4
489,2.9,12,26.0,1,0.0,1.0,0,4.0,1,0.0,1,0.0,0.0,0,0,1.0,0,0,0,1,0,1.064711,676,1
490,6.25,12,21.0,6,0.0,0.0,1,3.0,1,0.0,1,0.0,0.0,0,0,1.0,0,0,1,0,0,1.832582,441,36
491,4.55,16,34.0,2,0.0,0.0,1,0.0,0,0.0,1,0.0,0.0,0,0,0.0,0,1,1,0,0,1.5151270000000001,1156,4
492,3.28,12,17.0,2,0.0,1.0,0,0.0,0,0.0,1,0.0,0.0,0,0,0.0,0,1,0,0,1,1.187843,289,4
493,2.3,10,2.0,0,0.0,1.0,0,4.0,1,1.0,0,0.0,0.0,0,0,1.0,0,0,0,0,1,0.8329091000000001,4,0
494,3.3,13,5.0,0,0.0,1.0,0,0.0,1,1.0,0,0.0,0.0,0,0,0.0,0,1,1,0,0,1.193922,25,0
495,3.15,13,1.0,0,0.0,1.0,0,4.0,1,1.0,0,0.0,0.0,0,1,0.0,0,0,0,1,0,1.1474030000000002,1,0
496,12.5,14,40.0,30,0.0,0.0,1,0.0,1,1.0,0,0.0,0.0,0,0,0.0,0,0,1,0,0,2.525729,1600,900
497,5.15,16,39.0,21,0.0,1.0,0,0.0,1,0.0,0,1.0,0.0,0,0,0.0,0,1,0,1,0,1.638997,1521,441
498,3.13,10,1.0,1,0.0,0.0,0,2.0,1,0.0,0,1.0,0.0,0,0,1.0,0,0,0,0,1,1.141033,1,1
499,7.25,12,14.0,5,0.0,0.0,1,3.0,1,0.0,0,1.0,0.0,0,1,0.0,0,0,0,0,0,1.9810009999999998,196,25
500,2.9,12,2.0,2,0.0,1.0,0,0.0,1,0.0,0,1.0,0.0,0,0,0.0,0,1,0,1,0,1.064711,4,4
501,1.75,11,2.0,1,0.0,0.0,0,2.0,1,0.0,0,1.0,0.0,0,0,1.0,0,0,0,0,1,0.5596158,4,1
502,2.89,0,42.0,0,0.0,1.0,1,2.0,0,0.0,0,1.0,0.0,0,0,0.0,1,0,0,0,0,1.061257,1764,0
503,2.9,5,34.0,0,0.0,1.0,1,5.0,0,0.0,0,1.0,0.0,1,0,0.0,0,0,0,0,0,1.064711,1156,0
504,17.71,16,10.0,3,0.0,0.0,1,1.0,1,0.0,0,1.0,1.0,0,0,0.0,0,0,1,0,0,2.874129,100,9
505,6.25,16,4.0,3,0.0,0.0,1,0.0,0,0.0,0,1.0,0.0,0,1,0.0,0,0,0,0,1,1.832582,16,9
506,2.6,9,4.0,0,0.0,0.0,0,1.0,0,0.0,0,1.0,0.0,0,0,1.0,0,0,0,0,0,0.9555114,16,0
507,6.63,15,21.0,3,0.0,1.0,1,2.0,0,0.0,0,1.0,0.0,0,0,0.0,0,1,1,0,0,1.891605,441,9
508,3.5,12,31.0,3,1.0,1.0,0,1.0,1,0.0,0,1.0,0.0,0,0,0.0,1,0,0,0,0,1.2527629999999998,961,9
509,6.5,12,20.0,14,0.0,0.0,1,3.0,1,0.0,0,1.0,0.0,0,0,1.0,0,0,0,0,0,1.871802,400,196
510,3.0,12,36.0,1,1.0,1.0,0,0.0,1,0.0,0,1.0,0.0,0,0,0.0,1,0,0,0,0,1.0986120000000001,1296,1
511,4.38,13,7.0,0,1.0,0.0,1,1.0,1,0.0,0,1.0,0.0,1,0,0.0,0,0,0,0,0,1.477049,49,0
512,10.0,12,15.0,0,0.0,0.0,0,1.0,0,0.0,0,0.0,0.0,0,0,0.0,1,0,1,0,0,2.3025849999999997,225,0
513,4.95,7,25.0,17,0.0,0.0,1,5.0,0,0.0,0,0.0,1.0,0,0,0.0,0,0,0,0,0,1.5993879999999998,625,289
514,9.0,17,7.0,0,0.0,1.0,1,2.0,0,0.0,0,0.0,0.0,0,0,0.0,0,1,1,0,0,2.197225,49,0
515,1.43,12,17.0,0,0.0,1.0,1,2.0,0,0.0,0,0.0,0.0,0,0,1.0,0,0,0,0,0,0.3576744,289,0
516,3.08,12,3.0,1,0.0,0.0,0,0.0,0,0.0,0,0.0,0.0,0,0,0.0,0,1,1,0,0,1.12493,9,1
517,9.33,14,12.0,11,0.0,0.0,1,3.0,0,0.0,0,0.0,0.0,0,0,0.0,0,1,1,0,0,2.2332349999999996,144,121
518,7.5,12,18.0,5,0.0,0.0,1,2.0,0,0.0,0,1.0,0.0,0,0,1.0,0,0,0,0,0,2.014903,324,25
519,4.75,13,47.0,1,0.0,0.0,1,0.0,0,0.0,0,1.0,0.0,0,0,1.0,0,0,0,0,0,1.5581450000000001,2209,1
520,5.65,12,2.0,0,0.0,0.0,0,0.0,0,0.0,0,1.0,1.0,0,0,0.0,0,0,0,0,0,1.731656,4,0
521,15.0,16,14.0,2,0.0,1.0,1,2.0,0,0.0,0,1.0,0.0,0,0,0.0,0,1,1,0,0,2.70805,196,4
522,2.27,10,2.0,0,0.0,1.0,0,3.0,0,0.0,0,1.0,0.0,0,0,1.0,0,0,1,0,0,0.8197798000000001,4,0
523,4.67,15,13.0,18,0.0,0.0,1,3.0,0,0.0,0,1.0,1.0,0,0,0.0,0,0,1,0,0,1.541159,169,324
524,11.56,16,5.0,1,0.0,0.0,1,0.0,0,0.0,0,1.0,0.0,1,0,0.0,0,0,0,0,0,2.447551,25,1
525,3.5,14,5.0,4,1.0,1.0,0,2.0,0,0.0,0,1.0,0.0,0,0,0.0,0,1,0,1,0,1.2527629999999998,25,16
