,price,wage,t,lprice,lwage,gprice,gwage,gwage_1,gwage_2,gwage_3,gwage_4,gwage_5,gwage_6,gwage_7,gwage_8,gwage_9,gwage_10,gwage_11,gwage_12,gprice_1,Unnamed: 20
0,92.6,2.32,1.0,4.528289,0.8415671999999998,.,.,.,.,.,.,.,.,.,.,.,.,.,.,.,
1,92.5,2.32,2.0,4.527209,0.8415671999999998,-0.0010805,0,.,.,.,.,.,.,.,.,.,.,.,.,.,
2,92.6,2.32,3.0,4.528289,0.8415671999999998,0.0010805,0,0,.,.,.,.,.,.,.,.,.,.,.,-0.0010805,
3,92.7,2.34,4.0,4.529368,0.8501509,0.0010791,0.0085837,0,0,.,.,.,.,.,.,.,.,.,.,0.0010805,
4,92.7,2.35,5.0,4.529368,0.8544153,0,0.0042644,0.0085837,0,0,.,.,.,.,.,.,.,.,.,0.0010791,
5,92.9,2.36,6.0,4.531524,0.8586616,0.0021553,0.0042463,0.0042644,0.0085837,0,0,.,.,.,.,.,.,.,.,0,
6,93.1,2.36,7.0,4.5336739999999995,0.8586616,0.0021505,0,0.0042463,0.0042644,0.0085837,0,0,.,.,.,.,.,.,.,0.0021553,
7,93.0,2.37,8.0,4.532598999999999,0.8628899,-0.0010748,0.0042283,0,0.0042463,0.0042644,0.0085837,0,0,.,.,.,.,.,.,0.0021505,
8,93.2,2.4,9.0,4.5347480000000004,0.8754688,0.0021482,0.0125789,0.0042283,0,0.0042463,0.0042644,0.0085837,0,0,.,.,.,.,.,-0.0010748,
9,93.3,2.39,,4.535819999999999,,,-0.0041754,,0.0042283,,0.0042463,,,0,0,,,.,.,0.0021482,
10,93.5,2.4,11.0,4.537961,0.8754688,0.0021415,0.0041754,-0.0041754,0.0125789,0.0042283,0,0.0042463,0.0042644,0.0085837,0,0,.,.,.,0.0010724,
11,93.6,2.4,12.0,4.539031,0.8754688,0.0010691,0,0.0041754,-0.0041754,0.0125789,0.0042283,0,0.0042463,0.0042644,0.0085837,0,0,.,.,0.0021415,
12,93.6,2.4,13.0,4.539031,0.8754688,0,0,0,0.0041754,-0.0041754,0.0125789,0.0042283,0,0.0042463,0.0042644,0.0085837,0,0,.,0.0010691,
13,93.6,2.42,14.0,4.539031,0.8837674999999999,0,0.0082988,0,0,0.0041754,-0.0041754,0.0125789,0.0042283,0,0.0042463,0.0042644,0.0085837,0,0,0,
14,93.7,2.42,15.0,4.540098,0.8837674999999999,0.0010676,0,0.0082988,0,0,0.0041754,-0.0041754,0.0125789,0.0042283,0,0.0042463,0.0042644,0.0085837,0,0,
15,94.0,2.42,16.0,4.543295,0.8837674999999999,0.0031967,0,0,0.0082988,0,0,0.0041754,-0.0041754,0.0125789,0.0042283,0,0.0042463,0.0042644,0.0085837,0.0010676,
16,94.2,2.45,17.0,4.54542,0.8960880999999999,0.0021253,0.0123205,0,0,0.0082988,0,0,0.0041754,-0.0041754,0.0125789,0.0042283,0,0.0042463,0.0042644,0.0031967,
17,94.7,2.46,18.0,4.550714,0.9001614,0.0052938,0.0040733,0.0123205,0,0,0.0082988,0,0,0.0041754,-0.0041754,0.0125789,0.0042283,0,0.0042463,0.0021253,
18,94.8,2.46,19.0,4.551769,0.9001614,0.0010552,0,0.0040733,0.0123205,0,0,0.0082988,0,0,0.0041754,-0.0041754,0.0125789,0.0042283,0,0.0052938,
19,94.6,2.46,20.0,4.549657,0.9001614,-0.0021119,0,0,0.0040733,0.0123205,0,0,0.0082988,0,0,0.0041754,-0.0041754,0.0125789,0.0042283,0.0010552,
20,94.8,2.49,21.0,4.551769,0.9122826999999999,0.0021119,0.0121213,0,0,0.0040733,0.0123205,0,0,0.0082988,0,0,0.0041754,-0.0041754,0.0125789,-0.0021119,
21,94.9,2.5,22.0,4.552824,0.9162908000000001,0.0010543,0.0040081,0.0121213,0,0,0.0040733,0.0123205,0,0,0.0082988,0,0,0.0041754,-0.0041754,0.0021119,
22,95.1,2.5,23.0,4.5549290000000004,0.9162908000000001,0.0021052,0,0.0040081,0.0121213,0,0,0.0040733,0.0123205,0,0,0.0082988,0,0,0.0041754,0.0010543,
23,95.4,2.5,24.0,4.558079,0.9162908000000001,0.00315,0,0,0.0040081,0.0121213,0,0,0.0040733,0.0123205,0,0,0.0082988,0,0,0.0021052,
24,95.4,2.51,25.0,4.558079,0.9202826999999999,0,0.003992,0,0,0.0040081,0.0121213,0,0,0.0040733,0.0123205,0,0,0.0082988,0,0.00315,
25,96.0,2.52,26.0,4.564348000000001,0.9242589,0.0062695,0.0039762,0.003992,0,0,0.0040081,0.0121213,0,0,0.0040733,0.0123205,0,0,0.0082988,0,
26,96.3,2.52,27.0,4.567468,0.9242589,0.0031199,0,0.0039762,0.003992,0,0,0.0040081,0.0121213,0,0,0.0040733,0.0123205,0,0,0.0062695,
27,96.7,2.54,28.0,4.571613,0.9321640999999999,0.0041451,0.0079052,0,0.0039762,0.003992,0,0,0.0040081,0.0121213,0,0,0.0040733,0.0123205,0,0.0031199,
28,96.8,2.55,29.0,4.572647,0.9360933000000001,0.0010338,0.0039293,0.0079052,0,0.0039762,0.003992,0,0,0.0040081,0.0121213,0,0,0.0040733,0.0123205,0.0041451,
29,97.1,2.56,30.0,4.575741000000001,0.9400072,0.0030942,0.0039139,0.0039293,0.0079052,0,0.0039762,0.003992,0,0,0.0040081,0.0121213,0,0,0.0040733,0.0010338,
30,97.4,2.57,31.0,4.578826,0.9439059000000001,0.0030851,0.0038987,0.0039139,0.0039293,0.0079052,0,0.0039762,0.003992,0,0,0.0040081,0.0121213,0,0,0.0030942,
31,97.9,2.57,32.0,4.583947,0.9439059000000001,0.0051203,0,0.0038987,0.0039139,0.0039293,0.0079052,0,0.0039762,0.003992,0,0,0.0040081,0.0121213,0,0.0030851,
32,98.1,2.61,33.0,4.5859879999999995,0.9593502,0.0020409,0.0154443,0,0.0038987,0.0039139,0.0039293,0.0079052,0,0.0039762,0.003992,0,0,0.0040081,0.0121213,0.0051203,
33,98.5,2.61,34.0,4.590056,0.9593502,0.0040689,0,0.0154443,0,0.0038987,0.0039139,0.0039293,0.0079052,0,0.0039762,0.003992,0,0,0.0040081,0.0020409,
34,98.5,2.61,35.0,4.590056,0.9593502,0,0,0,0.0154443,0,0.0038987,0.0039139,0.0039293,0.0079052,0,0.0039762,0.003992,0,0,0.0040689,
35,98.6,2.6,36.0,4.591071,0.9555114,0.0010147,-0.0038388,0,0,0.0154443,0,0.0038987,0.0039139,0.0039293,0.0079052,0,0.0039762,0.003992,0,0,
36,98.6,2.62,37.0,4.591071,0.9631743,0,0.0076629,-0.0038388,0,0,0.0154443,0,0.0038987,0.0039139,0.0039293,0.0079052,0,0.0039762,0.003992,0.0010147,
37,98.7,2.63,38.0,4.592085,0.9669839,0.0010138,0.0038096,0.0076629,-0.0038388,0,0,0.0154443,0,0.0038987,0.0039139,0.0039293,0.0079052,0,0.0039762,0,
38,98.9,2.63,39.0,4.5941089999999996,0.9669839,0.0020242,0,0.0038096,0.0076629,-0.0038388,0,0,0.0154443,0,0.0038987,0.0039139,0.0039293,0.0079052,0,0.0010138,
39,99.1,2.64,40.0,4.596129,0.9707789000000001,0.0020204,0.003795,0,0.0038096,0.0076629,-0.0038388,0,0,0.0154443,0,0.0038987,0.0039139,0.0039293,0.0079052,0.0020242,
40,99.4,2.66,41.0,4.599151999999999,0.9783261000000001,0.0030227,0.0075472,0.003795,0,0.0038096,0.0076629,-0.0038388,0,0,0.0154443,0,0.0038987,0.0039139,0.0039293,0.0020204,
41,99.7,2.67,42.0,4.602166,0.9820785,0.0030136,0.0037524,0.0075472,0.003795,0,0.0038096,0.0076629,-0.0038388,0,0,0.0154443,0,0.0038987,0.0039139,0.0030227,
42,100.2,2.69,43.0,4.607168,0.9895412,0.0050025,0.0074627,0.0037524,0.0075472,0.003795,0,0.0038096,0.0076629,-0.0038388,0,0,0.0154443,0,0.0038987,0.0030136,
43,100.5,2.69,44.0,4.610157,0.9895412,0.0029893,0,0.0074627,0.0037524,0.0075472,0.003795,0,0.0038096,0.0076629,-0.0038388,0,0,0.0154443,0,0.0050025,
44,100.7,2.72,45.0,4.612146,1.000632,0.0019884,0.0110907,0,0.0074627,0.0037524,0.0075472,0.003795,0,0.0038096,0.0076629,-0.0038388,0,0,0.0154443,0.0029893,
45,101.0,2.73,46.0,4.61512,1.004302,0.0029745,0.0036697,0.0110907,0,0.0074627,0.0037524,0.0075472,0.003795,0,0.0038096,0.0076629,-0.0038388,0,0,0.0019884,
46,101.3,2.74,47.0,4.618086,1.007958,0.0029659,0.0036563,0.0036697,0.0110907,0,0.0074627,0.0037524,0.0075472,0.003795,0,0.0038096,0.0076629,-0.0038388,0,0.0029745,
47,101.6,2.73,48.0,4.621044,1.004302,0.0029573,-0.0036563,0.0036563,0.0036697,0.0110907,0,0.0074627,0.0037524,0.0075472,0.003795,0,0.0038096,0.0076629,-0.0038388,0.0029659,
48,102.0,2.76,49.0,4.624973000000001,1.015231,0.0039291,0.010929,-0.0036563,0.0036563,0.0036697,0.0110907,0,0.0074627,0.0037524,0.0075472,0.003795,0,0.0038096,0.0076629,0.0029573,
49,102.3,2.78,50.0,4.62791,1.022451,0.0029368,0.0072203,0.010929,-0.0036563,0.0036563,0.0036697,0.0110907,0,0.0074627,0.0037524,0.0075472,0.003795,0,0.0038096,0.0039291,
50,102.8,2.79,51.0,4.632785,1.026042,0.0048757,0.0035907,0.0072203,0.010929,-0.0036563,0.0036563,0.0036697,0.0110907,0,0.0074627,0.0037524,0.0075472,0.003795,0,0.0029368,
51,103.1,2.8,52.0,4.635699,1.029619,0.002914,0.0035778,0.0035907,0.0072203,0.010929,-0.0036563,0.0036563,0.0036697,0.0110907,0,0.0074627,0.0037524,0.0075472,0.003795,0.0048757,
52,103.4,2.83,53.0,4.638605,1.0402770000000001,0.0029058,0.0106572,0.0035778,0.0035907,0.0072203,0.010929,-0.0036563,0.0036563,0.0036697,0.0110907,0,0.0074627,0.0037524,0.0075472,0.002914,
53,104.0,2.84,54.0,4.644391000000001,1.0438040000000002,0.0057859,0.0035274,0.0106572,0.0035778,0.0035907,0.0072203,0.010929,-0.0036563,0.0036563,0.0036697,0.0110907,0,0.0074627,0.0037524,0.0029058,
54,104.5,2.85,55.0,4.649187,1.047319,0.004796,0.0035149,0.0035274,0.0106572,0.0035778,0.0035907,0.0072203,0.010929,-0.0036563,0.0036563,0.0036697,0.0110907,0,0.0074627,0.0057859,
55,104.8,2.86,56.0,4.652054,1.050822,0.0028667,0.0035026,0.0035149,0.0035274,0.0106572,0.0035778,0.0035907,0.0072203,0.010929,-0.0036563,0.0036563,0.0036697,0.0110907,0,0.004796,
56,105.1,2.91,57.0,4.654912,1.0681530000000001,0.0028586,0.0173316,0.0035026,0.0035149,0.0035274,0.0106572,0.0035778,0.0035907,0.0072203,0.010929,-0.0036563,0.0036563,0.0036697,0.0110907,0.0028667,
57,105.7,2.92,58.0,4.660605,1.071584,0.0056925,0.0034305,0.0173316,0.0035026,0.0035149,0.0035274,0.0106572,0.0035778,0.0035907,0.0072203,0.010929,-0.0036563,0.0036563,0.0036697,0.0028586,
58,106.1,2.92,59.0,4.664382,1.071584,0.003777,0,0.0034305,0.0173316,0.0035026,0.0035149,0.0035274,0.0106572,0.0035778,0.0035907,0.0072203,0.010929,-0.0036563,0.0036563,0.0056925,
59,106.4,2.93,60.0,4.667206,1.075002,0.0028238,0.0034188,0,0.0034305,0.0173316,0.0035026,0.0035149,0.0035274,0.0106572,0.0035778,0.0035907,0.0072203,0.010929,-0.0036563,0.003777,
60,106.7,2.94,61.0,4.670021,1.07841,0.0028152,0.0034071,0.0034188,0,0.0034305,0.0173316,0.0035026,0.0035149,0.0035274,0.0106572,0.0035778,0.0035907,0.0072203,0.010929,0.0028238,
61,107.1,2.96,62.0,4.673763,1.085189,0.0037417,0.0067797,0.0034071,0.0034188,0,0.0034305,0.0173316,0.0035026,0.0035149,0.0035274,0.0106572,0.0035778,0.0035907,0.0072203,0.0028152,
62,108.0,2.97,63.0,4.682131,1.088562,0.0083685,0.0033728,0.0067797,0.0034071,0.0034188,0,0.0034305,0.0173316,0.0035026,0.0035149,0.0035274,0.0106572,0.0035778,0.0035907,0.0037417,
63,108.7,2.99,64.0,4.688592,1.095273,0.0064607,0.0067114,0.0033728,0.0067797,0.0034071,0.0034188,0,0.0034305,0.0173316,0.0035026,0.0035149,0.0035274,0.0106572,0.0035778,0.0083685,
64,109.0,3.02,65.0,4.6913480000000005,1.105257,0.0027561,0.0099834,0.0067114,0.0033728,0.0067797,0.0034071,0.0034188,0,0.0034305,0.0173316,0.0035026,0.0035149,0.0035274,0.0106572,0.0064607,
65,109.7,3.04,66.0,4.697749,1.111858,0.0064011,0.0066007,0.0099834,0.0067114,0.0033728,0.0067797,0.0034071,0.0034188,0,0.0034305,0.0173316,0.0035026,0.0035149,0.0035274,0.0027561,
66,110.2,3.05,67.0,4.702297,1.115142,0.0045476,0.0032841,0.0066007,0.0099834,0.0067114,0.0033728,0.0067797,0.0034071,0.0034188,0,0.0034305,0.0173316,0.0035026,0.0035149,0.0064011,
67,110.7,3.06,68.0,4.706824,1.118415,0.0045271,0.0032732,0.0032841,0.0066007,0.0099834,0.0067114,0.0033728,0.0067797,0.0034071,0.0034188,0,0.0034305,0.0173316,0.0035026,0.0045476,
68,111.2,3.11,69.0,4.71133,1.134623,0.0045066,0.0162078,0.0032732,0.0032841,0.0066007,0.0099834,0.0067114,0.0033728,0.0067797,0.0034071,0.0034188,0,0.0034305,0.0173316,0.0045271,
69,111.6,3.12,70.0,4.7149209999999995,1.137833,0.0035906,0.0032103,0.0162078,0.0032732,0.0032841,0.0066007,0.0099834,0.0067114,0.0033728,0.0067797,0.0034071,0.0034188,0,0.0034305,0.0045066,
70,112.2,3.13,71.0,4.720283,1.141033,0.005362,0.0032001,0.0032103,0.0162078,0.0032732,0.0032841,0.0066007,0.0099834,0.0067114,0.0033728,0.0067797,0.0034071,0.0034188,0,0.0035906,
71,112.9,3.12,72.0,4.726502,1.137833,0.0062194,-0.0032001,0.0032001,0.0032103,0.0162078,0.0032732,0.0032841,0.0066007,0.0099834,0.0067114,0.0033728,0.0067797,0.0034071,0.0034188,0.005362,
72,113.3,3.13,73.0,4.730039,1.141033,0.0035367,0.0032001,-0.0032001,0.0032001,0.0032103,0.0162078,0.0032732,0.0032841,0.0066007,0.0099834,0.0067114,0.0033728,0.0067797,0.0034071,0.0062194,
73,113.9,3.15,74.0,4.735321,1.1474030000000002,0.0052819,0.0063695,0.0032001,-0.0032001,0.0032001,0.0032103,0.0162078,0.0032732,0.0032841,0.0066007,0.0099834,0.0067114,0.0033728,0.0067797,0.0035367,
74,114.5,3.17,75.0,4.740575,1.153732,0.0052538,0.0063291,0.0063695,0.0032001,-0.0032001,0.0032001,0.0032103,0.0162078,0.0032732,0.0032841,0.0066007,0.0099834,0.0067114,0.0033728,0.0052819,
75,115.2,3.18,76.0,4.74667,1.156881,0.0060949,0.0031496,0.0063291,0.0063695,0.0032001,-0.0032001,0.0032001,0.0032103,0.0162078,0.0032732,0.0032841,0.0066007,0.0099834,0.0067114,0.0052538,
76,115.7,3.2,77.0,4.751,1.163151,0.0043306,0.0062696,0.0031496,0.0063291,0.0063695,0.0032001,-0.0032001,0.0032001,0.0032103,0.0162078,0.0032732,0.0032841,0.0066007,0.0099834,0.0060949,
77,116.3,3.22,78.0,4.756173,1.169381,0.0051727,0.0062306,0.0062696,0.0031496,0.0063291,0.0063695,0.0032001,-0.0032001,0.0032001,0.0032103,0.0162078,0.0032732,0.0032841,0.0066007,0.0043306,
78,116.7,3.24,79.0,4.759606,1.175573,0.0034332,0.006192,0.0062306,0.0062696,0.0031496,0.0063291,0.0063695,0.0032001,-0.0032001,0.0032001,0.0032103,0.0162078,0.0032732,0.0032841,0.0051727,
79,116.9,3.25,80.0,4.761319,1.178655,0.0017123,0.0030817,0.006192,0.0062306,0.0062696,0.0031496,0.0063291,0.0063695,0.0032001,-0.0032001,0.0032001,0.0032103,0.0162078,0.0032732,0.0034332,
80,117.5,3.29,81.0,4.766438,1.190888,0.0051198,0.0122325,0.0030817,0.006192,0.0062306,0.0062696,0.0031496,0.0063291,0.0063695,0.0032001,-0.0032001,0.0032001,0.0032103,0.0162078,0.0017123,
81,118.1,3.29,82.0,4.771532,1.190888,0.0050931,0,0.0122325,0.0030817,0.006192,0.0062306,0.0062696,0.0031496,0.0063291,0.0063695,0.0032001,-0.0032001,0.0032001,0.0032103,0.0051198,
82,118.5,3.29,83.0,4.774913,1.190888,0.0033813,0,0,0.0122325,0.0030817,0.006192,0.0062306,0.0062696,0.0031496,0.0063291,0.0063695,0.0032001,-0.0032001,0.0032001,0.0050931,
83,119.1,3.31,84.0,4.7799629999999995,1.196948,0.0050507,0.0060606,0,0,0.0122325,0.0030817,0.006192,0.0062306,0.0062696,0.0031496,0.0063291,0.0063695,0.0032001,-0.0032001,0.0033813,
84,119.2,3.34,85.0,4.780803,1.205971,0.0008392,0.0090226,0.0060606,0,0,0.0122325,0.0030817,0.006192,0.0062306,0.0062696,0.0031496,0.0063291,0.0063695,0.0032001,0.0050507,
85,119.4,3.36,86.0,4.782479,1.211941,0.0016766,0.0059701,0.0090226,0.0060606,0,0,0.0122325,0.0030817,0.006192,0.0062306,0.0062696,0.0031496,0.0063291,0.0063695,0.0008392,
86,119.8,3.38,87.0,4.785824,1.217876,0.0033445,0.0059348,0.0059701,0.0090226,0.0060606,0,0,0.0122325,0.0030817,0.006192,0.0062306,0.0062696,0.0031496,0.0063291,0.0016766,
87,120.2,3.4,88.0,4.789157,1.223776,0.0033331,0.0058998,0.0059348,0.0059701,0.0090226,0.0060606,0,0,0.0122325,0.0030817,0.006192,0.0062306,0.0062696,0.0031496,0.0033445,
88,120.8,3.43,89.0,4.794137,1.23256,0.0049796,0.0087848,0.0058998,0.0059348,0.0059701,0.0090226,0.0060606,0,0,0.0122325,0.0030817,0.006192,0.0062306,0.0062696,0.0033331,
89,121.5,3.45,90.0,4.799914,1.238374,0.0057778,0.005814,0.0087848,0.0058998,0.0059348,0.0059701,0.0090226,0.0060606,0,0,0.0122325,0.0030817,0.006192,0.0062306,0.0049796,
90,121.8,3.46,91.0,4.802381,1.241269,0.0024662,0.0028944,0.005814,0.0087848,0.0058998,0.0059348,0.0059701,0.0090226,0.0060606,0,0,0.0122325,0.0030817,0.006192,0.0057778,
91,122.1,3.48,92.0,4.804841000000001,1.247032,0.00246,0.0057636,0.0028944,0.005814,0.0087848,0.0058998,0.0059348,0.0059701,0.0090226,0.0060606,0,0,0.0122325,0.0030817,0.0024662,
92,122.2,3.52,93.0,4.8056589999999995,1.258461,0.0008183,0.0114287,0.0057636,0.0028944,0.005814,0.0087848,0.0058998,0.0059348,0.0059701,0.0090226,0.0060606,0,0,0.0122325,0.00246,
93,122.4,3.53,94.0,4.807294000000001,1.261298,0.0016356,0.0028368,0.0114287,0.0057636,0.0028944,0.005814,0.0087848,0.0058998,0.0059348,0.0059701,0.0090226,0.0060606,0,0,0.0008183,
94,122.6,3.52,95.0,4.808927,1.258461,0.0016327,-0.0028368,0.0028368,0.0114287,0.0057636,0.0028944,0.005814,0.0087848,0.0058998,0.0059348,0.0059701,0.0090226,0.0060606,0,0.0016356,
95,123.1,3.55,96.0,4.812997,1.266948,0.0040698,0.0084866,-0.0028368,0.0028368,0.0114287,0.0057636,0.0028944,0.005814,0.0087848,0.0058998,0.0059348,0.0059701,0.0090226,0.0060606,0.0016327,
96,123.2,3.6,,4.813809,,,0.0139862,,-0.0028368,,0.0114287,,,0.005814,0.0087848,,,0.0059701,0.0090226,0.0040698,
97,123.8,3.61,98.0,4.818667,1.283708,0.0048585,0.0027739,0.0139862,0.0084866,-0.0028368,0.0028368,0.0114287,0.0057636,0.0028944,0.005814,0.0087848,0.0058998,0.0059348,0.0059701,0.0008121,
98,124.0,3.62,99.0,4.820282,1.286474,0.0016141,0.0027663,0.0027739,0.0139862,0.0084866,-0.0028368,0.0028368,0.0114287,0.0057636,0.0028944,0.005814,0.0087848,0.0058998,0.0059348,0.0048585,
99,124.3,3.65,100.0,4.822698,1.294727,0.0024166,0.0082532,0.0027663,0.0027739,0.0139862,0.0084866,-0.0028368,0.0028368,0.0114287,0.0057636,0.0028944,0.005814,0.0087848,0.0058998,0.0016141,
100,124.7,3.67,101.0,4.825911,1.300192,0.0032129,0.0054644,0.0082532,0.0027663,0.0027739,0.0139862,0.0084866,-0.0028368,0.0028368,0.0114287,0.0057636,0.0028944,0.005814,0.0087848,0.0024166,
101,125.0,3.67,102.0,4.828314,1.300192,0.0024028,0,0.0054644,0.0082532,0.0027663,0.0027739,0.0139862,0.0084866,-0.0028368,0.0028368,0.0114287,0.0057636,0.0028944,0.005814,0.0032129,
102,125.5,3.69,,4.832306,,,0.0054349,,0.0054644,,0.0027663,,,0.0084866,-0.0028368,,,0.0057636,0.0028944,0.0024028,
103,125.7,3.71,104.0,4.8338980000000005,1.311032,0.0015922,0.0054054,0.0054349,0,0.0054644,0.0082532,0.0027663,0.0027739,0.0139862,0.0084866,-0.0028368,0.0028368,0.0114287,0.0057636,0.0039921,
104,126.2,3.77,105.0,4.837868,1.327075,0.0039697,0.0160431,0.0054054,0.0054349,0,0.0054644,0.0082532,0.0027663,0.0027739,0.0139862,0.0084866,-0.0028368,0.0028368,0.0114287,0.0015922,
105,126.6,3.79,106.0,4.841033,1.332366,0.0031648,0.005291,0.0160431,0.0054054,0.0054349,0,0.0054644,0.0082532,0.0027663,0.0027739,0.0139862,0.0084866,-0.0028368,0.0028368,0.0039697,
106,126.9,3.78,,4.8434,,,-0.002642,,0.0160431,,0.0054349,,,0.0082532,0.0027663,,,0.0084866,-0.0028368,0.0031648,
107,127.3,3.8,108.0,4.846547,1.335001,0.0031471,0.0052772,-0.002642,0.005291,0.0160431,0.0054054,0.0054349,0,0.0054644,0.0082532,0.0027663,0.0027739,0.0139862,0.0084866,0.002367,
108,127.7,3.82,109.0,4.849684,1.34025,0.0031371,0.0052493,0.0052772,-0.002642,0.005291,0.0160431,0.0054054,0.0054349,0,0.0054644,0.0082532,0.0027663,0.0027739,0.0139862,0.0031471,
109,128.6,3.83,110.0,4.856707,1.342865,0.0070233,0.0026144,0.0052493,0.0052772,-0.002642,0.005291,0.0160431,0.0054054,0.0054349,0,0.0054644,0.0082532,0.0027663,0.0027739,0.0031371,
110,129.8,3.85,111.0,4.865995,1.3480729999999999,0.0092878,0.0052084,0.0026144,0.0052493,0.0052772,-0.002642,0.005291,0.0160431,0.0054054,0.0054349,0,0.0054644,0.0082532,0.0027663,0.0070233,
111,130.7,3.88,112.0,4.872905,1.3558350000000001,0.0069098,0.0077621,0.0052084,0.0026144,0.0052493,0.0052772,-0.002642,0.005291,0.0160431,0.0054054,0.0054349,0,0.0054644,0.0082532,0.0092878,
112,131.5,3.9,113.0,4.879007,1.360977,0.0061021,0.0051414,0.0077621,0.0052084,0.0026144,0.0052493,0.0052772,-0.002642,0.005291,0.0160431,0.0054054,0.0054349,0,0.0054644,0.0069098,
113,132.4,3.92,114.0,4.885828,1.366092,0.0068207,0.0051152,0.0051414,0.0077621,0.0052084,0.0026144,0.0052493,0.0052772,-0.002642,0.005291,0.0160431,0.0054054,0.0054349,0,0.0061021,
114,132.7,3.95,115.0,4.888091,1.373716,0.0022635,0.0076239,0.0051152,0.0051414,0.0077621,0.0052084,0.0026144,0.0052493,0.0052772,-0.002642,0.005291,0.0160431,0.0054054,0.0054349,0.0068207,
115,135.1,3.95,116.0,4.906015,1.373716,0.0179243,0,0.0076239,0.0051152,0.0051414,0.0077621,0.0052084,0.0026144,0.0052493,0.0052772,-0.002642,0.005291,0.0160431,0.0054054,0.0022635,
116,135.5,4.03,117.0,4.908972,1.393766,0.0029564,0.0200508,0,0.0076239,0.0051152,0.0051414,0.0077621,0.0052084,0.0026144,0.0052493,0.0052772,-0.002642,0.005291,0.0160431,0.0179243,
117,136.6,4.04,118.0,4.917057,1.3962450000000002,0.0080853,0.0024782,0.0200508,0,0.0076239,0.0051152,0.0051414,0.0077621,0.0052084,0.0026144,0.0052493,0.0052772,-0.002642,0.005291,0.0029564,
118,137.6,4.05,119.0,4.924351000000001,1.398717,0.0072937,0.0024723,0.0024782,0.0200508,0,0.0076239,0.0051152,0.0051414,0.0077621,0.0052084,0.0026144,0.0052493,0.0052772,-0.002642,0.0080853,
119,138.5,4.05,120.0,4.930871,1.398717,0.0065198,0,0.0024723,0.0024782,0.0200508,0,0.0076239,0.0051152,0.0051414,0.0077621,0.0052084,0.0026144,0.0052493,0.0052772,0.0072937,
120,139.7,4.07,121.0,4.939497,1.403643,0.0086269,0.0049261,0,0.0024723,0.0024782,0.0200508,0,0.0076239,0.0051152,0.0051414,0.0077621,0.0052084,0.0026144,0.0052493,0.0065198,
121,141.5,4.09,122.0,4.9523,1.4085450000000002,0.0128021,0.004902,0.0049261,0,0.0024723,0.0024782,0.0200508,0,0.0076239,0.0051152,0.0051414,0.0077621,0.0052084,0.0026144,0.0086269,
122,143.1,4.1,123.0,4.963544000000001,1.410987,0.0112443,0.0024419,0.004902,0.0049261,0,0.0024723,0.0024782,0.0200508,0,0.0076239,0.0051152,0.0051414,0.0077621,0.0052084,0.0128021,
123,143.9,4.12,124.0,4.969119,1.415853,0.0055747,0.0048662,0.0024419,0.004902,0.0049261,0,0.0024723,0.0024782,0.0200508,0,0.0076239,0.0051152,0.0051414,0.0077621,0.0112443,
124,145.5,4.19,125.0,4.980176,1.432701,0.0110574,0.0168476,0.0048662,0.0024419,0.004902,0.0049261,0,0.0024723,0.0024782,0.0200508,0,0.0076239,0.0051152,0.0051414,0.0055747,
125,146.9,4.23,126.0,4.989751999999999,1.442202,0.0095758,0.0095012,0.0168476,0.0048662,0.0024419,0.004902,0.0049261,0,0.0024723,0.0024782,0.0200508,0,0.0076239,0.0051152,0.0110574,
126,148.0,4.24,127.0,4.997212,1.4445629999999998,0.0074606,0.0023613,0.0095012,0.0168476,0.0048662,0.0024419,0.004902,0.0049261,0,0.0024723,0.0024782,0.0200508,0,0.0076239,0.0095758,
127,149.9,4.27,128.0,5.009968,1.451614,0.0127559,0.0070505,0.0023613,0.0095012,0.0168476,0.0048662,0.0024419,0.004902,0.0049261,0,0.0024723,0.0024782,0.0200508,0,0.0074606,
128,151.7,4.37,129.0,5.021905,1.4747629999999998,0.0119367,0.0231493,0.0070505,0.0023613,0.0095012,0.0168476,0.0048662,0.0024419,0.004902,0.0049261,0,0.0024723,0.0024782,0.0200508,0.0127559,
129,153.0,4.38,130.0,5.030437999999999,1.477049,0.008533,0.0022857,0.0231493,0.0070505,0.0023613,0.0095012,0.0168476,0.0048662,0.0024419,0.004902,0.0049261,0,0.0024723,0.0024782,0.0119367,
130,154.3,4.38,,5.038899,,,0,,0.0231493,,0.0023613,,,0.0048662,0.0024419,,,0,0.0024723,0.008533,
131,155.4,4.4,,5.046002,,,0.0045558,,0.0022857,,0.0070505,,,0.0168476,0.0048662,,,0.0049261,0,0.008461,
132,156.1,4.41,133.0,5.050497,1.483875,0.0044947,0.0022701,0.0045558,0,0.0022857,0.0231493,0.0070505,0.0023613,0.0095012,0.0168476,0.0048662,0.0024419,0.004902,0.0049261,0.0071034,
133,157.2,4.42,134.0,5.057519,1.48614,0.0070219,0.002265,0.0022701,0.0045558,0,0.0022857,0.0231493,0.0070505,0.0023613,0.0095012,0.0168476,0.0048662,0.0024419,0.004902,0.0044947,
134,157.8,4.44,135.0,5.061328,1.4906540000000001,0.0038095,0.0045147,0.002265,0.0022701,0.0045558,0,0.0022857,0.0231493,0.0070505,0.0023613,0.0095012,0.0168476,0.0048662,0.0024419,0.0070219,
135,158.6,4.45,136.0,5.0663849999999995,1.492904,0.0050569,0.0022497,0.0045147,0.002265,0.0022701,0.0045558,0,0.0022857,0.0231493,0.0070505,0.0023613,0.0095012,0.0168476,0.0048662,0.0038095,
136,159.3,4.48,137.0,5.0707889999999995,1.499623,0.0044041,0.006719,0.0022497,0.0045147,0.002265,0.0022701,0.0045558,0,0.0022857,0.0231493,0.0070505,0.0023613,0.0095012,0.0168476,0.0050569,
137,160.6,4.51,138.0,5.078917,1.506297,0.0081277,0.0066742,0.006719,0.0022497,0.0045147,0.002265,0.0022701,0.0045558,0,0.0022857,0.0231493,0.0070505,0.0023613,0.0095012,0.0044041,
138,162.3,4.52,139.0,5.089447,1.508512,0.0105295,0.0022148,0.0066742,0.006719,0.0022497,0.0045147,0.002265,0.0022701,0.0045558,0,0.0022857,0.0231493,0.0070505,0.0023613,0.0081277,
139,162.8,4.56,140.0,5.092523,1.517323,0.0030761,0.0088106,0.0022148,0.0066742,0.006719,0.0022497,0.0045147,0.002265,0.0022701,0.0045558,0,0.0022857,0.0231493,0.0070505,0.0105295,
140,163.6,4.63,141.0,5.097425,1.532557,0.0049019,0.0152342,0.0088106,0.0022148,0.0066742,0.006719,0.0022497,0.0045147,0.002265,0.0022701,0.0045558,0,0.0022857,0.0231493,0.0030761,
141,164.6,4.64,142.0,5.103518,1.534714,0.006094,0.0021574,0.0152342,0.0088106,0.0022148,0.0066742,0.006719,0.0022497,0.0045147,0.002265,0.0022701,0.0045558,0,0.0022857,0.0049019,
142,165.6,4.66,143.0,5.109575,1.539015,0.0060568,0.0043011,0.0021574,0.0152342,0.0088106,0.0022148,0.0066742,0.006719,0.0022497,0.0045147,0.002265,0.0022701,0.0045558,0,0.006094,
143,166.3,4.67,144.0,5.113793,1.541159,0.0042181,0.0021436,0.0043011,0.0021574,0.0152342,0.0088106,0.0022148,0.0066742,0.006719,0.0022497,0.0045147,0.002265,0.0022701,0.0045558,0.0060568,
144,166.7,4.71,,5.1161959999999995,,,0.0085288,,0.0043011,,0.0152342,,,0.0066742,0.006719,,,0.002265,0.0022701,0.0042181,
145,167.1,4.73,146.0,5.118592,1.553925,0.0023966,0.0042373,0.0085288,0.0021436,0.0043011,0.0021574,0.0152342,0.0088106,0.0022148,0.0066742,0.006719,0.0022497,0.0045147,0.002265,0.0024023,
146,167.5,4.74,147.0,5.120983,1.5560370000000001,0.0023909,0.0021119,0.0042373,0.0085288,0.0021436,0.0043011,0.0021574,0.0152342,0.0088106,0.0022148,0.0066742,0.006719,0.0022497,0.0045147,0.0023966,
147,168.2,4.76,148.0,5.125154,1.5602479999999999,0.0041704,0.0042106,0.0021119,0.0042373,0.0085288,0.0021436,0.0043011,0.0021574,0.0152342,0.0088106,0.0022148,0.0066742,0.006719,0.0022497,0.0023909,
148,169.2,4.81,149.0,5.131082,1.570697,0.005928,0.0104494,0.0042106,0.0021119,0.0042373,0.0085288,0.0021436,0.0043011,0.0021574,0.0152342,0.0088106,0.0022148,0.0066742,0.006719,0.0041704,
149,170.1,4.82,150.0,5.136386,1.572774,0.0053048,0.0020769,0.0104494,0.0042106,0.0021119,0.0042373,0.0085288,0.0021436,0.0043011,0.0021574,0.0152342,0.0088106,0.0022148,0.0066742,0.005928,
150,171.1,4.85,151.0,5.142248,1.5789790000000001,0.0058618,0.0062047,0.0020769,0.0104494,0.0042106,0.0021119,0.0042373,0.0085288,0.0021436,0.0043011,0.0021574,0.0152342,0.0088106,0.0022148,0.0053048,
151,171.9,4.89,152.0,5.146913,1.587192,0.0046649,0.0082136,0.0062047,0.0020769,0.0104494,0.0042106,0.0021119,0.0042373,0.0085288,0.0021436,0.0043011,0.0021574,0.0152342,0.0088106,0.0058618,
152,172.6,4.98,153.0,5.150976999999999,1.60543,0.0040636,0.0182376,0.0082136,0.0062047,0.0020769,0.0104494,0.0042106,0.0021119,0.0042373,0.0085288,0.0021436,0.0043011,0.0021574,0.0152342,0.0046649,
153,173.3,4.99,154.0,5.155024,1.607436,0.0040474,0.0020059,0.0182376,0.0082136,0.0062047,0.0020769,0.0104494,0.0042106,0.0021119,0.0042373,0.0085288,0.0021436,0.0043011,0.0021574,0.0040636,
154,173.8,5.02,155.0,5.157905,1.61343,0.0028811,0.0059941,0.0020059,0.0182376,0.0082136,0.0062047,0.0020769,0.0104494,0.0042106,0.0021119,0.0042373,0.0085288,0.0021436,0.0043011,0.0040474,
155,174.3,5.03,156.0,5.160778,1.61542,0.0028729,0.0019901,0.0059941,0.0020059,0.0182376,0.0082136,0.0062047,0.0020769,0.0104494,0.0042106,0.0021119,0.0042373,0.0085288,0.0021436,0.0028811,
156,175.3,5.07,157.0,5.166499,1.623341,0.0057206,0.0079209,0.0019901,0.0059941,0.0020059,0.0182376,0.0082136,0.0062047,0.0020769,0.0104494,0.0042106,0.0021119,0.0042373,0.0085288,0.0028729,
157,177.1,5.1,158.0,5.176714,1.629241,0.0102158,0.0058997,0.0079209,0.0019901,0.0059941,0.0020059,0.0182376,0.0082136,0.0062047,0.0020769,0.0104494,0.0042106,0.0021119,0.0042373,0.0057206,
158,178.2,5.12,159.0,5.182907,1.633154,0.0061922,0.0039139,0.0058997,0.0079209,0.0019901,0.0059941,0.0020059,0.0182376,0.0082136,0.0062047,0.0020769,0.0104494,0.0042106,0.0021119,0.0102158,
159,179.6,5.16,160.0,5.190732,1.640936,0.0078254,0.0077821,0.0039139,0.0058997,0.0079209,0.0019901,0.0059941,0.0020059,0.0182376,0.0082136,0.0062047,0.0020769,0.0104494,0.0042106,0.0061922,
160,180.6,5.2,161.0,5.196285,1.648659,0.0055528,0.0077221,0.0077821,0.0039139,0.0058997,0.0079209,0.0019901,0.0059941,0.0020059,0.0182376,0.0082136,0.0062047,0.0020769,0.0104494,0.0078254,
161,181.8,5.22,162.0,5.202907,1.652497,0.0066223,0.0038388,0.0077221,0.0077821,0.0039139,0.0058997,0.0079209,0.0019901,0.0059941,0.0020059,0.0182376,0.0082136,0.0062047,0.0020769,0.0055528,
162,182.6,5.25,163.0,5.207298000000001,1.6582279999999998,0.0043907,0.0057306,0.0038388,0.0077221,0.0077821,0.0039139,0.0058997,0.0079209,0.0019901,0.0059941,0.0020059,0.0182376,0.0082136,0.0062047,0.0066223,
163,183.3,5.26,164.0,5.211124,1.660131,0.0038261,0.0019031,0.0057306,0.0038388,0.0077221,0.0077821,0.0039139,0.0058997,0.0079209,0.0019901,0.0059941,0.0020059,0.0182376,0.0082136,0.0043907,
164,184.0,5.35,165.0,5.214936,1.677096,0.0038118,0.0169654,0.0019031,0.0057306,0.0038388,0.0077221,0.0077821,0.0039139,0.0058997,0.0079209,0.0019901,0.0059941,0.0020059,0.0182376,0.0038261,
165,184.5,5.39,166.0,5.217649,1.6845450000000002,0.0027137,0.0074489,0.0169654,0.0019031,0.0057306,0.0038388,0.0077221,0.0077821,0.0039139,0.0058997,0.0079209,0.0019901,0.0059941,0.0020059,0.0038118,
166,185.4,5.4,167.0,5.222516000000001,1.6863990000000002,0.0048661,0.0018536,0.0074489,0.0169654,0.0019031,0.0057306,0.0038388,0.0077221,0.0077821,0.0039139,0.0058997,0.0079209,0.0019901,0.0059941,0.0027137,
167,186.1,5.41,168.0,5.226284,1.688249,0.0037684,0.0018501,0.0018536,0.0074489,0.0169654,0.0019031,0.0057306,0.0038388,0.0077221,0.0077821,0.0039139,0.0058997,0.0079209,0.0019901,0.0048661,
168,187.2,5.48,169.0,5.232178,1.7011049999999999,0.0058937,0.012856,0.0018501,0.0018536,0.0074489,0.0169654,0.0019031,0.0057306,0.0038388,0.0077221,0.0077821,0.0039139,0.0058997,0.0079209,0.0037684,
169,188.4,5.5,170.0,5.238567,1.704748,0.0063896,0.0036429,0.012856,0.0018501,0.0018536,0.0074489,0.0169654,0.0019031,0.0057306,0.0038388,0.0077221,0.0077821,0.0039139,0.0058997,0.0058937,
170,189.8,5.53,171.0,5.245971,1.710188,0.0074034,0.0054399,0.0036429,0.012856,0.0018501,0.0018536,0.0074489,0.0169654,0.0019031,0.0057306,0.0038388,0.0077221,0.0077821,0.0039139,0.0063896,
171,191.5,5.6,172.0,5.254887999999999,1.7227669999999997,0.0089169,0.0125787,0.0054399,0.0036429,0.012856,0.0018501,0.0018536,0.0074489,0.0169654,0.0019031,0.0057306,0.0038388,0.0077221,0.0077821,0.0074034,
172,193.3,5.62,173.0,5.264244000000001,1.726332,0.009356,0.003565,0.0125787,0.0054399,0.0036429,0.012856,0.0018501,0.0018536,0.0074489,0.0169654,0.0019031,0.0057306,0.0038388,0.0077221,0.0089169,
173,195.3,5.66,174.0,5.2745370000000005,1.733424,0.0102935,0.0070922,0.003565,0.0125787,0.0054399,0.0036429,0.012856,0.0018501,0.0018536,0.0074489,0.0169654,0.0019031,0.0057306,0.0038388,0.009356,
174,196.7,5.7,175.0,5.281680000000001,1.740466,0.0071425,0.0070423,0.0070922,0.003565,0.0125787,0.0054399,0.0036429,0.012856,0.0018501,0.0018536,0.0074489,0.0169654,0.0019031,0.0057306,0.0102935,
175,197.8,5.71,176.0,5.287256,1.742219,0.0055766,0.0017529,0.0070423,0.0070922,0.003565,0.0125787,0.0054399,0.0036429,0.012856,0.0018501,0.0018536,0.0074489,0.0169654,0.0019031,0.0071425,
176,199.3,5.82,177.0,5.294811,1.7613,0.007555,0.0190814,0.0017529,0.0070423,0.0070922,0.003565,0.0125787,0.0054399,0.0036429,0.012856,0.0018501,0.0018536,0.0074489,0.0169654,0.0055766,
177,200.9,5.87,178.0,5.302807,1.769855,0.0079961,0.0085543,0.0190814,0.0017529,0.0070423,0.0070922,0.003565,0.0125787,0.0054399,0.0036429,0.012856,0.0018501,0.0018536,0.0074489,0.007555,
178,202.0,5.88,179.0,5.308268,1.771557,0.0054603,0.0017021,0.0085543,0.0190814,0.0017529,0.0070423,0.0070922,0.003565,0.0125787,0.0054399,0.0036429,0.012856,0.0018501,0.0018536,0.0079961,
179,202.9,5.91,180.0,5.312713,1.776646,0.0044456,0.005089,0.0017021,0.0085543,0.0190814,0.0017529,0.0070423,0.0070922,0.003565,0.0125787,0.0054399,0.0036429,0.012856,0.0018501,0.0054603,
180,204.7,5.97,181.0,5.321546,1.786747,0.0088325,0.0101011,0.005089,0.0017021,0.0085543,0.0190814,0.0017529,0.0070423,0.0070922,0.003565,0.0125787,0.0054399,0.0036429,0.012856,0.0044456,
181,207.1,6.0,182.0,5.333202,1.791759,0.0116563,0.0050126,0.0101011,0.005089,0.0017021,0.0085543,0.0190814,0.0017529,0.0070423,0.0070922,0.003565,0.0125787,0.0054399,0.0036429,0.0088325,
182,209.1,6.02,183.0,5.342813,1.7950869999999999,0.0096107,0.0033277,0.0050126,0.0101011,0.005089,0.0017021,0.0085543,0.0190814,0.0017529,0.0070423,0.0070922,0.003565,0.0125787,0.0054399,0.0116563,
183,211.5,6.03,184.0,5.354225,1.796747,0.0114126,0.0016599,0.0033277,0.0050126,0.0101011,0.005089,0.0017021,0.0085543,0.0190814,0.0017529,0.0070423,0.0070922,0.003565,0.0125787,0.0096107,
184,214.1,6.08,185.0,5.366443,1.805005,0.012218,0.0082576,0.0016599,0.0033277,0.0050126,0.0101011,0.005089,0.0017021,0.0085543,0.0190814,0.0017529,0.0070423,0.0070922,0.003565,0.0114126,
185,216.6,6.11,186.0,5.378051999999999,1.809927,0.0116091,0.004922,0.0082576,0.0016599,0.0033277,0.0050126,0.0101011,0.005089,0.0017021,0.0085543,0.0190814,0.0017529,0.0070423,0.0070922,0.012218,
186,218.9,6.16,187.0,5.388615,1.818077,0.0105629,0.00815,0.004922,0.0082576,0.0016599,0.0033277,0.0050126,0.0101011,0.005089,0.0017021,0.0085543,0.0190814,0.0017529,0.0070423,0.0116091,
187,221.1,6.18,188.0,5.398615,1.821318,0.0099998,0.0032415,0.00815,0.004922,0.0082576,0.0016599,0.0033277,0.0050126,0.0101011,0.005089,0.0017021,0.0085543,0.0190814,0.0017529,0.0105629,
188,223.4,6.3,189.0,5.408964,1.84055,0.0103488,0.0192314,0.0032415,0.00815,0.004922,0.0082576,0.0016599,0.0033277,0.0050126,0.0101011,0.005089,0.0017021,0.0085543,0.0190814,0.0099998,
189,225.4,6.31,190.0,5.417877,1.842136,0.008913,0.001586,0.0192314,0.0032415,0.00815,0.004922,0.0082576,0.0016599,0.0033277,0.0050126,0.0101011,0.005089,0.0017021,0.0085543,0.0103488,
190,227.5,6.34,191.0,5.42715,1.8468790000000002,0.0092735,0.0047431,0.001586,0.0192314,0.0032415,0.00815,0.004922,0.0082576,0.0016599,0.0033277,0.0050126,0.0101011,0.005089,0.0017021,0.008913,
191,229.9,6.38,192.0,5.437644000000001,1.853168,0.0104942,0.0062894,0.0047431,0.001586,0.0192314,0.0032415,0.00815,0.004922,0.0082576,0.0016599,0.0033277,0.0050126,0.0101011,0.005089,0.0092735,
192,233.2,6.42,193.0,5.451897,1.859418,0.0142522,0.00625,0.0062894,0.0047431,0.001586,0.0192314,0.0032415,0.00815,0.004922,0.0082576,0.0016599,0.0033277,0.0050126,0.0101011,0.0104942,
193,236.4,6.45,194.0,5.465525,1.86408,0.0136285,0.0046619,0.00625,0.0062894,0.0047431,0.001586,0.0192314,0.0032415,0.00815,0.004922,0.0082576,0.0016599,0.0033277,0.0050126,0.0142522,
194,239.8,6.5,195.0,5.479805000000001,1.871802,0.0142803,0.0077221,0.0046619,0.00625,0.0062894,0.0047431,0.001586,0.0192314,0.0032415,0.00815,0.004922,0.0082576,0.0016599,0.0033277,0.0136285,
195,242.5,6.53,196.0,5.491002,1.876407,0.0111961,0.0046048,0.0077221,0.0046619,0.00625,0.0062894,0.0047431,0.001586,0.0192314,0.0032415,0.00815,0.004922,0.0082576,0.0016599,0.0142803,
196,244.9,6.56,197.0,5.50085,1.880991,0.0098481,0.0045836,0.0046048,0.0077221,0.0046619,0.00625,0.0062894,0.0047431,0.001586,0.0192314,0.0032415,0.00815,0.004922,0.0082576,0.0111961,
197,247.6,6.61,198.0,5.511815,1.888584,0.0109649,0.007593,0.0045836,0.0046048,0.0077221,0.0046619,0.00625,0.0062894,0.0047431,0.001586,0.0192314,0.0032415,0.00815,0.004922,0.0098481,
198,247.8,6.64,,5.512622,,,0.0045283,,0.0045836,,0.0077221,,,0.0062894,0.0047431,,,0.0032415,0.00815,0.0109649,
199,249.4,6.68,200.0,5.519058,1.899118,0.0064363,0.006006,0.0045283,0.007593,0.0045836,0.0046048,0.0077221,0.0046619,0.00625,0.0062894,0.0047431,0.001586,0.0192314,0.0032415,0.0008073,
200,251.7,6.79,201.0,5.528238,1.9154509999999998,0.0091796,0.016333,0.006006,0.0045283,0.007593,0.0045836,0.0046048,0.0077221,0.0046619,0.00625,0.0062894,0.0047431,0.001586,0.0192314,0.0064363,
201,253.9,6.86,202.0,5.536941000000001,1.925707,0.0087028,0.0102565,0.016333,0.006006,0.0045283,0.007593,0.0045836,0.0046048,0.0077221,0.0046619,0.00625,0.0062894,0.0047431,0.001586,0.0091796,
202,256.2,6.92,203.0,5.545959,1.934416,0.0090179,0.0087084,0.0102565,0.016333,0.006006,0.0045283,0.007593,0.0045836,0.0046048,0.0077221,0.0046619,0.00625,0.0062894,0.0047431,0.0087028,
203,258.4,6.94,204.0,5.5545089999999995,1.937302,0.0085502,0.0028859,0.0087084,0.0102565,0.016333,0.006006,0.0045283,0.007593,0.0045836,0.0046048,0.0077221,0.0046619,0.00625,0.0062894,0.0090179,
204,260.5,7.03,205.0,5.562603,1.950187,0.0080943,0.012885,0.0028859,0.0087084,0.0102565,0.016333,0.006006,0.0045283,0.007593,0.0045836,0.0046048,0.0077221,0.0046619,0.00625,0.0085502,
205,263.2,7.06,206.0,5.572914,1.954445,0.0103111,0.0042583,0.012885,0.0028859,0.0087084,0.0102565,0.016333,0.006006,0.0045283,0.007593,0.0045836,0.0046048,0.0077221,0.0046619,0.0080943,
206,265.1,7.1,207.0,5.580107,1.9600950000000001,0.0071931,0.0056498,0.0042583,0.012885,0.0028859,0.0087084,0.0102565,0.016333,0.006006,0.0045283,0.007593,0.0045836,0.0046048,0.0077221,0.0103111,
207,266.8,7.13,208.0,5.586499,1.9643110000000001,0.006392,0.0042164,0.0056498,0.0042583,0.012885,0.0028859,0.0087084,0.0102565,0.016333,0.006006,0.0045283,0.007593,0.0045836,0.0046048,0.0071931,
208,269.0,7.17,209.0,5.594711,1.9699060000000002,0.0082121,0.0055944,0.0042164,0.0056498,0.0042583,0.012885,0.0028859,0.0087084,0.0102565,0.016333,0.006006,0.0045283,0.007593,0.0045836,0.006392,
209,271.3,7.21,210.0,5.603225,1.975469,0.0085139,0.0055634,0.0055944,0.0042164,0.0056498,0.0042583,0.012885,0.0028859,0.0087084,0.0102565,0.016333,0.006006,0.0045283,0.007593,0.0082121,
210,274.4,7.24,211.0,5.614587,1.9796209999999999,0.0113616,0.0041522,0.0055634,0.0055944,0.0042164,0.0056498,0.0042583,0.012885,0.0028859,0.0087084,0.0102565,0.016333,0.006006,0.0045283,0.0085139,
211,276.5,7.3,212.0,5.622211,1.9878740000000001,0.0076241,0.0082532,0.0041522,0.0055634,0.0055944,0.0042164,0.0056498,0.0042583,0.012885,0.0028859,0.0087084,0.0102565,0.016333,0.006006,0.0113616,
212,279.3,7.4,213.0,5.632287,2.00148,0.0100756,0.0136057,0.0082532,0.0041522,0.0055634,0.0055944,0.0042164,0.0056498,0.0042583,0.012885,0.0028859,0.0087084,0.0102565,0.016333,0.0076241,
213,279.9,7.43,214.0,5.634432,2.0055259999999997,0.0021458,0.0040457,0.0136057,0.0082532,0.0041522,0.0055634,0.0055944,0.0042164,0.0056498,0.0042583,0.012885,0.0028859,0.0087084,0.0102565,0.0100756,
214,280.7,7.47,215.0,5.637287000000001,2.010895,0.0028543,0.0053692,0.0040457,0.0136057,0.0082532,0.0041522,0.0055634,0.0055944,0.0042164,0.0056498,0.0042583,0.012885,0.0028859,0.0087084,0.0021458,
215,281.5,7.45,216.0,5.640132,2.0082139999999997,0.0028458,-0.002681,0.0053692,0.0040457,0.0136057,0.0082532,0.0041522,0.0055634,0.0055944,0.0042164,0.0056498,0.0042583,0.012885,0.0028859,0.0028543,
216,282.5,7.56,217.0,5.643679,2.022871,0.0035462,0.0146573,-0.002681,0.0053692,0.0040457,0.0136057,0.0082532,0.0041522,0.0055634,0.0055944,0.0042164,0.0056498,0.0042583,0.012885,0.0028458,
217,283.4,7.56,218.0,5.646859,2.022871,0.0031805,0,0.0146573,-0.002681,0.0053692,0.0040457,0.0136057,0.0082532,0.0041522,0.0055634,0.0055944,0.0042164,0.0056498,0.0042583,0.0035462,
218,283.1,7.56,219.0,5.6458,2.022871,-0.0010591,0,0,0.0146573,-0.002681,0.0053692,0.0040457,0.0136057,0.0082532,0.0041522,0.0055634,0.0055944,0.0042164,0.0056498,0.0031805,
219,284.3,7.58,220.0,5.65003,2.025513,0.00423,0.0026419,0,0,0.0146573,-0.002681,0.0053692,0.0040457,0.0136057,0.0082532,0.0041522,0.0055634,0.0055944,0.0042164,-0.0010591,
220,287.1,7.64,221.0,5.659831,2.033398,0.0098004,0.0078845,0.0026419,0,0,0.0146573,-0.002681,0.0053692,0.0040457,0.0136057,0.0082532,0.0041522,0.0055634,0.0055944,0.00423,
221,290.6,7.65,222.0,5.671948,2.0347060000000003,0.0121174,0.001308,0.0078845,0.0026419,0,0,0.0146573,-0.002681,0.0053692,0.0040457,0.0136057,0.0082532,0.0041522,0.0055634,0.0098004,
222,292.2,7.68,223.0,5.677439,2.03862,0.0054908,0.0039139,0.001308,0.0078845,0.0026419,0,0,0.0146573,-0.002681,0.0053692,0.0040457,0.0136057,0.0082532,0.0041522,0.0121174,
223,292.8,7.7,224.0,5.67949,2.04122,0.0020509,0.0026007,0.0039139,0.001308,0.0078845,0.0026419,0,0,0.0146573,-0.002681,0.0053692,0.0040457,0.0136057,0.0082532,0.0054908,
224,293.3,7.77,,5.681196,,,0.0090499,,0.0039139,,0.0078845,,,0,0.0146573,,,0.0040457,0.0136057,0.0020509,
225,294.1,7.8,226.0,5.68392,2.0541240000000003,0.0027242,0.0038536,0.0090499,0.0026007,0.0039139,0.001308,0.0078845,0.0026419,0,0,0.0146573,-0.002681,0.0053692,0.0040457,0.0017061,
226,293.6,7.82,227.0,5.682219,2.056684,-0.0017014,0.0025609,0.0038536,0.0090499,0.0026007,0.0039139,0.001308,0.0078845,0.0026419,0,0,0.0146573,-0.002681,0.0053692,0.0027242,
227,292.4,7.83,228.0,5.678123,2.057962,-0.004096,0.0012779,0.0025609,0.0038536,0.0090499,0.0026007,0.0039139,0.001308,0.0078845,0.0026419,0,0,0.0146573,-0.002681,-0.0017014,
228,293.1,7.92,229.0,5.680514,2.069391,0.0023913,0.0114288,0.0012779,0.0025609,0.0038536,0.0090499,0.0026007,0.0039139,0.001308,0.0078845,0.0026419,0,0,0.0146573,-0.004096,
229,293.2,7.93,230.0,5.680855,2.070653,0.0003409,0.0012617,0.0114288,0.0012779,0.0025609,0.0038536,0.0090499,0.0026007,0.0039139,0.001308,0.0078845,0.0026419,0,0,0.0023913,
230,293.4,7.91,231.0,5.6815370000000005,2.0681279999999997,0.0006819,-0.0025251,0.0012617,0.0114288,0.0012779,0.0025609,0.0038536,0.0090499,0.0026007,0.0039139,0.001308,0.0078845,0.0026419,0,0.0003409,
231,295.5,7.95,232.0,5.688669,2.073172,0.0071321,0.005044,-0.0025251,0.0012617,0.0114288,0.0012779,0.0025609,0.0038536,0.0090499,0.0026007,0.0039139,0.001308,0.0078845,0.0026419,0.0006819,
232,297.1,7.98,233.0,5.694069,2.076938,0.0054002,0.0037665,0.005044,-0.0025251,0.0012617,0.0114288,0.0012779,0.0025609,0.0038536,0.0090499,0.0026007,0.0039139,0.001308,0.0078845,0.0071321,
233,298.1,7.98,234.0,5.6974290000000005,2.076938,0.0033603,0,0.0037665,0.005044,-0.0025251,0.0012617,0.0114288,0.0012779,0.0025609,0.0038536,0.0090499,0.0026007,0.0039139,0.001308,0.0054002,
234,299.3,8.01,235.0,5.701447,2.080691,0.0040174,0.0037525,0,0.0037665,0.005044,-0.0025251,0.0012617,0.0114288,0.0012779,0.0025609,0.0038536,0.0090499,0.0026007,0.0039139,0.0033603,
235,300.3,7.96,236.0,5.704782,2.0744290000000003,0.0033355,-0.0062618,0.0037525,0,0.0037665,0.005044,-0.0025251,0.0012617,0.0114288,0.0012779,0.0025609,0.0038536,0.0090499,0.0026007,0.0040174,
236,301.8,8.12,237.0,5.709764,2.09433,0.0049825,0.019901,-0.0062618,0.0037525,0,0.0037665,0.005044,-0.0025251,0.0012617,0.0114288,0.0012779,0.0025609,0.0038536,0.0090499,0.0033355,
237,302.6,8.15,238.0,5.7124120000000005,2.098018,0.0026474,0.0036879,0.019901,-0.0062618,0.0037525,0,0.0037665,0.005044,-0.0025251,0.0012617,0.0114288,0.0012779,0.0025609,0.0038536,0.0049825,
238,303.1,8.16,239.0,5.7140629999999994,2.0992439999999997,0.0016508,0.0012262,0.0036879,0.019901,-0.0062618,0.0037525,0,0.0037665,0.005044,-0.0025251,0.0012617,0.0114288,0.0012779,0.0025609,0.0026474,
239,303.5,8.16,240.0,5.715382,2.0992439999999997,0.0013189,0,0.0012262,0.0036879,0.019901,-0.0062618,0.0037525,0,0.0037665,0.005044,-0.0025251,0.0012617,0.0114288,0.0012779,0.0016508,
240,305.2,8.24,241.0,5.720967,2.109,0.0055857,0.0097561,0,0.0012262,0.0036879,0.019901,-0.0062618,0.0037525,0,0.0037665,0.005044,-0.0025251,0.0012617,0.0114288,0.0013189,
241,306.6,8.23,242.0,5.725544,2.107786,0.0045767,-0.0012143,0.0097561,0,0.0012262,0.0036879,0.019901,-0.0062618,0.0037525,0,0.0037665,0.005044,-0.0025251,0.0012617,0.0055857,
242,307.3,8.23,243.0,5.727824,2.107786,0.0022802,0,-0.0012143,0.0097561,0,0.0012262,0.0036879,0.019901,-0.0062618,0.0037525,0,0.0037665,0.005044,-0.0025251,0.0045767,
243,308.8,8.28,244.0,5.732694,2.113843,0.0048695,0.006057,0,-0.0012143,0.0097561,0,0.0012262,0.0036879,0.019901,-0.0062618,0.0037525,0,0.0037665,0.005044,0.0022802,
244,309.7,8.26,245.0,5.735604,2.111425,0.0029106,-0.0024183,0.006057,0,-0.0012143,0.0097561,0,0.0012262,0.0036879,0.019901,-0.0062618,0.0037525,0,0.0037665,0.0048695,
245,310.7,8.28,246.0,5.738828,2.113843,0.0032234,0.0024183,-0.0024183,0.006057,0,-0.0012143,0.0097561,0,0.0012262,0.0036879,0.019901,-0.0062618,0.0037525,0,0.0029106,
246,311.7,8.3,247.0,5.742041,2.116256,0.0032134,0.0024126,0.0024183,-0.0024183,0.006057,0,-0.0012143,0.0097561,0,0.0012262,0.0036879,0.019901,-0.0062618,0.0037525,0.0032234,
247,313.0,8.28,,5.7462029999999995,,,-0.0024126,,0.0024183,,0.006057,,,0.0097561,0,,,0.019901,-0.0062618,0.0032134,
248,314.5,8.42,249.0,5.750984,2.13061,0.0047808,0.0167668,-0.0024126,0.0024126,0.0024183,-0.0024183,0.006057,0,-0.0012143,0.0097561,0,0.0012262,0.0036879,0.019901,0.0041623,
249,315.3,8.39,250.0,5.753524,2.127041,0.0025401,-0.0035691,0.0167668,-0.0024126,0.0024126,0.0024183,-0.0024183,0.006057,0,-0.0012143,0.0097561,0,0.0012262,0.0036879,0.0047808,
250,315.3,8.42,251.0,5.753524,2.13061,0,0.0035691,-0.0035691,0.0167668,-0.0024126,0.0024126,0.0024183,-0.0024183,0.006057,0,-0.0012143,0.0097561,0,0.0012262,0.0025401,
251,315.5,8.45,252.0,5.754158,2.134166,0.0006342,0.0035567,0.0035691,-0.0035691,0.0167668,-0.0024126,0.0024126,0.0024183,-0.0024183,0.006057,0,-0.0012143,0.0097561,0,0,
252,316.1,8.48,253.0,5.756059,2.1377099999999998,0.0019002,0.0035439,0.0035567,0.0035691,-0.0035691,0.0167668,-0.0024126,0.0024126,0.0024183,-0.0024183,0.006057,0,-0.0012143,0.0097561,0.0006342,
253,317.4,8.5,254.0,5.7601629999999995,2.140066,0.0041041,0.0023558,0.0035439,0.0035567,0.0035691,-0.0035691,0.0167668,-0.0024126,0.0024126,0.0024183,-0.0024183,0.006057,0,-0.0012143,0.0019002,
254,318.8,8.5,255.0,5.764564,2.140066,0.0044012,0,0.0023558,0.0035439,0.0035567,0.0035691,-0.0035691,0.0167668,-0.0024126,0.0024126,0.0024183,-0.0024183,0.006057,0,0.0041041,
255,320.1,8.52,256.0,5.768633,2.142416,0.0040693,0.0023503,0,0.0023558,0.0035439,0.0035567,0.0035691,-0.0035691,0.0167668,-0.0024126,0.0024126,0.0024183,-0.0024183,0.006057,0.0044012,
256,321.3,8.51,257.0,5.772375,2.1412419999999996,0.0037417,-0.0011744,0.0023503,0,0.0023558,0.0035439,0.0035567,0.0035691,-0.0035691,0.0167668,-0.0024126,0.0024126,0.0024183,-0.0024183,0.0040693,
257,322.3,8.54,258.0,5.775483,2.144761,0.0031075,0.0035191,-0.0011744,0.0023503,0,0.0023558,0.0035439,0.0035567,0.0035691,-0.0035691,0.0167668,-0.0024126,0.0024126,0.0024183,0.0037417,
258,322.8,8.52,259.0,5.777033,2.142416,0.0015502,-0.0023446,0.0035191,-0.0011744,0.0023503,0,0.0023558,0.0035439,0.0035567,0.0035691,-0.0035691,0.0167668,-0.0024126,0.0024126,0.0031075,
259,323.5,8.53,260.0,5.779199,2.143589,0.0021663,0.0011728,-0.0023446,0.0035191,-0.0011744,0.0023503,0,0.0023558,0.0035439,0.0035567,0.0035691,-0.0035691,0.0167668,-0.0024126,0.0015502,
260,324.5,8.67,261.0,5.782286,2.159869,0.0030866,0.0162795,0.0011728,-0.0023446,0.0035191,-0.0011744,0.0023503,0,0.0023558,0.0035439,0.0035567,0.0035691,-0.0035691,0.0167668,0.0021663,
261,325.5,8.64,262.0,5.785362,2.156403,0.0030766,-0.0034661,0.0162795,0.0011728,-0.0023446,0.0035191,-0.0011744,0.0023503,0,0.0023558,0.0035439,0.0035567,0.0035691,-0.0035691,0.0030866,
262,326.6,8.67,263.0,5.788736,2.159869,0.0033741,0.0034661,-0.0034661,0.0162795,0.0011728,-0.0023446,0.0035191,-0.0011744,0.0023503,0,0.0023558,0.0035439,0.0035567,0.0035691,0.0030766,
263,327.4,8.72,264.0,5.791183,2.165619,0.0024462,0.0057507,0.0034661,-0.0034661,0.0162795,0.0011728,-0.0023446,0.0035191,-0.0011744,0.0023503,0,0.0023558,0.0035439,0.0035567,0.0033741,
264,328.4,8.72,265.0,5.794232,2.165619,0.0030499,0,0.0057507,0.0034661,-0.0034661,0.0162795,0.0011728,-0.0023446,0.0035191,-0.0011744,0.0023503,0,0.0023558,0.0035439,0.0024462,
265,327.5,8.74,266.0,5.791487999999999,2.16791,-0.0027442,0.0022907,0,0.0057507,0.0034661,-0.0034661,0.0162795,0.0011728,-0.0023446,0.0035191,-0.0011744,0.0023503,0,0.0023558,0.0030499,
266,326.0,8.74,267.0,5.786897,2.16791,-0.004591,0,0.0022907,0,0.0057507,0.0034661,-0.0034661,0.0162795,0.0011728,-0.0023446,0.0035191,-0.0011744,0.0023503,0,-0.0027442,
267,325.3,8.73,268.0,5.7847480000000004,2.1667650000000003,-0.0021496,-0.0011449,0,0.0022907,0,0.0057507,0.0034661,-0.0034661,0.0162795,0.0011728,-0.0023446,0.0035191,-0.0011744,0.0023503,-0.004591,
268,326.3,8.73,269.0,5.7878169999999995,2.1667650000000003,0.0030694,0,-0.0011449,0,0.0022907,0,0.0057507,0.0034661,-0.0034661,0.0162795,0.0011728,-0.0023446,0.0035191,-0.0011744,-0.0021496,
269,327.9,8.72,270.0,5.792708999999999,2.165619,0.0048919,-0.0011458,0,-0.0011449,0,0.0022907,0,0.0057507,0.0034661,-0.0034661,0.0162795,0.0011728,-0.0023446,0.0035191,0.0030694,
270,328.0,8.7,271.0,5.793014,2.163323,0.0003047,-0.0022964,-0.0011458,0,-0.0011449,0,0.0022907,0,0.0057507,0.0034661,-0.0034661,0.0162795,0.0011728,-0.0023446,0.0048919,
271,328.6,8.7,272.0,5.794841,2.163323,0.0018277,0,-0.0022964,-0.0011458,0,-0.0011449,0,0.0022907,0,0.0057507,0.0034661,-0.0034661,0.0162795,0.0011728,0.0003047,
272,330.2,8.82,273.0,5.799698,2.177022,0.0048571,0.0136988,0,-0.0022964,-0.0011458,0,-0.0011449,0,0.0022907,0,0.0057507,0.0034661,-0.0034661,0.0162795,0.0018277,
273,330.5,8.82,274.0,5.800607,2.177022,0.0009084,0,0.0136988,0,-0.0022964,-0.0011458,0,-0.0011449,0,0.0022907,0,0.0057507,0.0034661,-0.0034661,0.0048571,
274,330.8,8.88,275.0,5.801514,2.183802,0.0009074,0.0067799,0,0.0136988,0,-0.0022964,-0.0011458,0,-0.0011449,0,0.0022907,0,0.0057507,0.0034661,0.0009084,
275,331.1,8.86,276.0,5.802421,2.181547,0.0009065,-0.002255,0.0067799,0,0.0136988,0,-0.0022964,-0.0011458,0,-0.0011449,0,0.0022907,0,0.0057507,0.0009074,
276,333.1,8.9,277.0,5.8084430000000005,2.186051,0.006022,0.0045044,-0.002255,0.0067799,0,0.0136988,0,-0.0022964,-0.0011458,0,-0.0011449,0,0.0022907,0,0.0009065,
277,334.4,8.92,278.0,5.812338,2.188296,0.0038953,0.0022447,0.0045044,-0.002255,0.0067799,0,0.0136988,0,-0.0022964,-0.0011458,0,-0.0011449,0,0.0022907,0.006022,
278,335.9,8.92,279.0,5.816813,2.188296,0.0044756,0,0.0022447,0.0045044,-0.002255,0.0067799,0,0.0136988,0,-0.0022964,-0.0011458,0,-0.0011449,0,0.0038953,
279,337.7,8.91,280.0,5.822158,2.187174,0.0053444,-0.0011215,0,0.0022447,0.0045044,-0.002255,0.0067799,0,0.0136988,0,-0.0022964,-0.0011458,0,-0.0011449,0.0044756,
280,338.7,8.93,281.0,5.825115,2.189416,0.0029569,0.0022421,-0.0011215,0,0.0022447,0.0045044,-0.002255,0.0067799,0,0.0136988,0,-0.0022964,-0.0011458,0,0.0053444,
281,340.1,8.92,282.0,5.82924,2.188296,0.0041251,-0.0011206,0.0022421,-0.0011215,0,0.0022447,0.0045044,-0.002255,0.0067799,0,0.0136988,0,-0.0022964,-0.0011458,0.0029569,
282,340.8,8.91,283.0,5.831296,2.187174,0.0020561,-0.0011215,-0.0011206,0.0022421,-0.0011215,0,0.0022447,0.0045044,-0.002255,0.0067799,0,0.0136988,0,-0.0022964,0.0041251,
283,342.7,8.94,284.0,5.836855,2.1905360000000003,0.0055594,0.0033612,-0.0011215,-0.0011206,0.0022421,-0.0011215,0,0.0022447,0.0045044,-0.002255,0.0067799,0,0.0136988,0,0.0020561,
284,344.4,9.05,285.0,5.841804,2.2027650000000003,0.0049481,0.0122292,0.0033612,-0.0011215,-0.0011206,0.0022421,-0.0011215,0,0.0022447,0.0045044,-0.002255,0.0067799,0,0.0136988,0.0055594,
285,345.3,9.08,286.0,5.8444139999999996,2.206074,0.0026102,0.0033095,0.0122292,0.0033612,-0.0011215,-0.0011206,0.0022421,-0.0011215,0,0.0022447,0.0045044,-0.002255,0.0067799,0,0.0049481,
