Latitude;Longitude;rp100;rp1000
20,63;39,555;0,036805339;0,038967595
51,2679;19,3265;0,558157146;0,662555695
32,6842;116,9021;0,936508298;1,141606688
22,66;39,033;0;0
26,85;49,896;0,00705246;0,007338333
57,2574;12,1087;;
25,86;50,118;0,095816173;0,101627238
57,1067;61,7117;0,032061871;0,043288138
24,95;47,065;0;0
33,0606;-83,8075;0;0
34,1256;-84,9222;1,380087376;2,601806879
42,3572;11,5373;1,110166907;1,432329655
31,7563;120,9731;1,175624132;1,42269969
60,4028;18,1744;0,002389681;0,003323335
24,41;47,013;0;0
21,21;39,177;0,09526749;0,108653046
33,6319;-87,0597;2,133028984;3,055136204
22,67;39,037;0,059313972;0,071172364
51,8344;14,459;0,247105211;0,320016533
40,5632;18,0318;0;0
44,9569;12,4883;0,518774867;0,670816958
33,8239;-84,4758;5;5
51,4163;14,5619;0,596089065;0,907625854
31,0069;-88,0103;1,17687583;1,651229143
56,741;36,7707;0,090701148;0,160371527
33,1427;-81,7625;0,296407402;0,638887465
30,5322;-88,5553;1,906924605;2,42137289
49,1796;14,3795;0;0
24,6;46,571;0;0
24,79;45,621;0;0
49,0852;16,1479;0;0
33,2442;-86,4581;1,876122832;2,640244961
39,807;-5,6986;0;0
42,1269;11,7583;0;0
53,7356;-0,9911;0,565219879;0,726445615
33,4134;-85,0323;2,43022871;3,555160761
30,1621;106,5474;1,814622641;2,248550415
28,2891;117,2231;3,592910528;3,982364655
21,43;39,205;0,09526749;0,108653046
53,1181;-4,1032;0;0
31,2231;-85,1116;3,044056177;4,274429321
50,1331;18,5232;0;0
31,9342;-82,3447;0,784898281;1,13718915
26,2;44,015;0,418640465;0,457132638
53,489;9,949;0,218566656;0,279271245
36,6721;-5,8164;0;0
57,0023;60,4635;0,160699725;0,226829588
45,5201;8,7422;0;0
44,6595;41,9294;0,527271211;0,725718498
16,94;42,633;0,08626613;0,094943985
45,3325;9,4364;0;0
51,5348;14,3531;0,596089065;0,907625854
50,9482;14,9128;0,247105211;0,320016533
50,7514;17,8845;0,687947512;0,908675849
42,1241;11,7624;0;0
45,0904;9,4805;3,196084499;3,63838625
28,8612;115,9764;2,851350784;3,557116985
32,3478;-81,1817;0,296407402;0,638887465
53,2067;14,4651;0,318934023;0,374923885
52,0356;9,4135;0,436675847;0,630838871
44,2755;8,4305;0,153600514;0,192471296
50,2064;19,2046;0,490410745;0,732523561
38,0462;106,6058;0;0
27,4934;106,4492;0;0
31,4528;118,3445;3,523396015;4,253274918
29,1866;117,0842;1,577571154;1,809017658
39,5508;112,4887;0,182439655;0,214321405
24,57;46,883;0;0
53,4502;6,8548;;
44,1118;9,8743;0,790662169;1,107815385
37,9322;-8,8038;3,727776051;5
32,6017;-87,7811;2,005982876;2,867172718
42,9565;10,6034;0,256779879;0,337213695
27,46;46,864;0,051244706;0,053567726
41,2117;-6,6856;3,174093723;3,969470501
28,666;104,6893;3,616623402;4,675680637
31,1419;114,8922;0,544894457;1,452967405
27,1251;108,7704;0,2739411;0,375931829
33,6443;-87,1965;5;5
50,1331;18,8465;0;0
45,0265;11,2522;1,009183884;1,265767813
50,0886;8,9534;0,776058793;1,003270626
45,1856;7,9016;0,943710446;1,212118149
25,68;49,433;0;0
51,9587;4,0272;0,283928156;0,375386178
39,2134;-1,0509;1,381361604;3,290944815
50,5098;11,0209;0;0
50,5194;12,8798;0;0
51,9626;4,0217;0,283928156;0,375386178
30,4392;-89,0286;1,191554666;1,710371256
40,7016;-2,6227;1,263878942;2,079957008
50,4278;13,6777;0;0
60,3708;26,3468;;
32,3563;-81,1683;0,296407402;0,638887465
28,47;36,521;0,044122204;0,049031757
45,4314;12,2468;0,089088306;0,102761865
45,5115;9,5098;0;0
50,4131;14,4158;0,371177733;0,49887687
39,2438;-0,9317;0,106979385;0,114793487
34,2528;-85,3456;2,096826077;2,889678717
51,3985;11,9504;0,369944781;0,49198103
43,34;-3,0539;0;0
48,496;17,6816;0;0
48,2621;18,459;0;0
48,5536;21,9782;0,028408781;0,041156046
51,1821;12,3733;0,369944781;0,49198103
52,3828;8,996;0,531064749;0,735510588
66,8857;19,8186;0,398600638;0,717840791
38,2049;15,2818;0;0
40,1267994;-8,7870324;4,15763092;5
41,2669;-6,3078;0;0
50,4267;13,6747;0;0
32,6547;-88,7622;0;0
42,0502;14,5639;0;0
39,9592;-0,001;0,18284288;0,210096151
52,4816;13,3076;0;0
39,1022;17,0325;0;0
49,4208;11,0077;1,023329735;1,235500574
37,5732;-0,9392;0;0
41,9655;126,4524;0,596508384;0,791834533
33,4622;-84,8986;2,43022871;3,555160761
45,0543;9,7086;3,196084499;3,63838625
45,2372;8,1932;0;0
45,2268;9,6377;0;0
41,1025;16,756;0;0
49,9072;18,4646;0;0
50,381;13,3399;0,524080634;1,142025709
21,47;39,799;0;0
27,46;41,742;0;0
41,5616;12,6337;0;0
53,5658;8,1462;0,063916802;0,074620664
41,63536;-8,18119;0;0
50,4178;13,2592;0,524080634;1,142025709
44,4836;12,2652;0,187828809;0,255262136
37,14;15,2159;0,200158641;0,280778468
19,1;41,156;0,131323248;0,16388011
49,0088;19,9122;0;0
47,88;17,5384;0,464623988;0,530856013
50,3499;19,1412;0;0
18,25;42,578;0;0
51,6024;7,0099;0;0
52,3389;5,0213;0,283928156;0,375386178
42,1437105;25,8623803;0,201453865;0,261247933
23,0942;113,565;1,373090744;1,513487816
25,7403;-100,068;0;0
46,286;10,2653;0;0
40,7813;-73,8966;0,941372156;1,201176643
50,0854;17,1794;0;0
40,8461;8,3068;0,01596101;0,021755151
40,6432;17,9802;0;0
50,5763;13,7803;0,102752373;0,141968578
59,3532;18,0985;0,260356188;0,372975051
39,2628;-0,9192;0,106979385;0,114793487
52,5219;13,3111;0,286354989;0,323998362
41,4653;-8,54366;0,587377369;0,806826472
24,76;46,592;0,227693722;0,248136699
22,7993;113,3587;0,820241094;1,045202255
41,97;126,473;0,596508384;0,791834533
31,2691;108,4561;0;0
41,7797;126,0148;0,596508384;0,791834533
63,8803;20,0184;0,060930628;0,088578478
61,6317;21,4068;;
52,5351;13,2426;0,286354989;0,323998362
43,5648606;-5,7204481;0,903091073;1,055683851
50,2083;19,4617;0;0
27,7754;114,6173;2,744017601;3,073318958
49,7809;19,2115;1,410644412;2,541059017
37,5645;-0,9513;0;0
31,26;37,424;0;0
48,6988;18,5335;0,085793376;0,127748415
41,045;-6,8067;3,174093723;3,969470501
18,0141271;-66,2082946;0;0
31,2136;-81,5462;0,238432705;0,350670129
34,0087;-117,9449;0;0
39,6643;-7,5332;2,061266899;2,846320152
33,8513593;-118,3983255;0,814194918;0,976288795
33,7692165;-118,1039546;0,814194918;0,976288795
42,785;13,5111;0,021105371;0,026234055
17,6;44,337;0;0
66,5024;20,3797;0;0
42,8261;-4,8463;0;0
51,1671;9,0468;2,155694246;2,28544569
49,1245;16,1242;0;0
66,6855;20,3359;0,127799541;0,209309772
50,0535;20,0061;0,874711514;1,265837073
52,5117;13,4209;0,257513672;0,316266239
42,4143;-7,6533;1,495377541;2,200577736
43,3081773;-5,8788166;0,216512442;0,250137568
52,4252;13,3098;0;0
66,959;19,8023;0;0
48,4296;17,6978;0;0
42,1704301;-1,694544;0,894473076;1,207154512
50,3968145;4,4213569;0,455520451;0,65203166
48,67896652;5,88052702;0,156903818;0,212181717
50,230675;3,8308379;0;0
46,2584327;3,2579975;0;0
30,93;41,056;0,091997713;0,095907748
48,00787735;13,59571648;0;0
40,8339;14,3006;0,149232283;0,192344576
48,0122;13,5895;0;0
45,3993;10,7142;0;0
26,38;50,093;0;0
50,6038;11,4752;0;0
51,3330748;3,7781078;0,283928156;0,375386178
42,9954;12,1995;0;0
19,99;42,393;0;0
49,6066;14,1816;0,769555032;1,213556767
52,9807;-3,9686;0;0
40,4734127;-89,0097061;0;0
39,1961;8,4002;1,076373339;1,484439135
50,5538;22,0787;0,521174669;0,728242278
29,78;40,012;0;0
43,3082;-5,7001;0;0
54,8440022;-5,7969909;0,064416356;0,078712299
24,65;46,671;0,227693722;0,248136699
45,7979;13,5455;0,064371362;0,083962664
66,8094;19,8968;0,398600638;0,717840791
49,9767;19,8047;0,874711514;1,265837073
41,5278;-5,9877;2,992072105;4,271920204
67,4931;18,3549;0,057790365;0,122796074
33,1377;-81,7483;0,296407402;0,638887465
33,3498;-83,1574;0,533239067;0,905765593
53,1897;8,4087;0,059539288;0,071907982
25,19;49,312;0,004937936;0,005275522
39,2047;8,3789;1,076373339;1,484439135
30,5254;-88,1285;0,396875858;0,871229112
53,1353;1,1479;;
37,9576461;-8,8558289;0;0
42,3921;-7,2191;1,495377541;2,200577736
43,5673;10,31;0,256779879;0,337213695
29,62;43,526;0;0
67,732;17,49;0,805501938;1,385998845
40,6583615;-86,8728525;0;0
35,611;-5,432;0;0
40,4;-95,2;0;0
61,3811;13,7312;0;0
51,35469;1,330916;0;0
50,1496;12,6108;0,524080634;1,142025709
63,5423;16,7629;0,124604098;0,209769726
52,2302;13,3019;0,659432292;0,802988648
55,1416;7,1945;;
66,4288;20,6518;0,121923603;0,196758002
37,2814;13,521;0,06029487;0,087857038
45,792734;13,0632035;0,118064754;0,148905128
38,2569073;22,9679776;0;0
24,53;39,676;0,06145227;0,069597088
42,289;119,0537;0,871520817;1,089200974
29,0555;105,8844;5;5
42,1142;-7,209;0;0
26,23;36,487;0;0
51,1234;17,0241;0,713940501;0,965849817
41,2287315;-7,4181051;3,821098566;5
17,33;47,093;0,025226202;0,030000746
53,567;9,7244;0,038267743;0,047395047
38,2260165;-7,5811374;0;0
40,6273866;22,951488;0;0
54,7258929;-5,7726663;;
53,8925;9,2011;0,043756224;0,053233363
63,1462;16,0706;0,131189555;0,213206679
41,8055;14,9193;0;0
26,4924135;-98,4489637;0;0
49,4980873;0,2030305;0,217146933;0,257419705
39,7778;-5,6124;0;0
41,4000927;-6,3878986;2,992072105;4,271920204
52,7504;15,2712;0,178641826;0,215808123
32,2866188;-99,8449513;0;0
51,2161;22,5583;0;0
51,6555;-3,6957;0;0
53,0995;18,0879;0,885201931;1,411586761
50,3079;18,9695;0;0
32,5839;-86,2831;0;0
33,6457191;-117,98158;0,140007794;0,177146509
41,8117;12,4228;1,110166907;1,432329655
66,2242;20,86;0,219904691;0,358164072
65,1141;19,4644;0;0
53,3875;0,5006;;
48,1775;17,1548;0;0
54,3784;18,6404;0,046026431;0,059374817
39,2077;-1,2401;0,304987788;0,398612291
44,9290796;-73,930227;0;0
66,9764;18,5748;0,057790365;0,122796074
42,1677;-7,1744;0;0
38,0158;12,5108;0,06029487;0,087857038
32,6804;-85,9114;0;0
37,2083;15,1778;0;0
41,3068393;-6,5327952;0;0
41,6805401;-8,0995999;0,587377369;0,806826472
40,7453114;-88,7325812;0;0
39,6524278;-78,7967261;0,535652757;1,023497343
39,5610532;-97,6714591;1,708548069;2,419059753
36,5414;-101,5656;0;0
43,8282;-96,3216;0;0
40,17253113;-84,98132324;0;0
32,5492875;-99,5656666;0;0
37,925812;-95,419164;1,02191031;1,51638937
43,1535173;-93,2022397;0;0
38,39031219;-95,60018921;0;0
39,7799;-5,0876;1,503625631;1,974123478
49,0986;19,4889;0,465515196;1,025975704
35,0471207;-118,2539186;0;0
41,099734;-88,4331154;0;0
43,6162703;-116,4353882;0;0
41,5756;-6,1891;2,992072105;4,271920204
26,8437977;49,7105934;0,028496277;0,029503692
53,5262;10,0632;0,366942436;0,469986558
41,1681838;-7,7894954;3,821098566;5
-37,3575;143,6037;0;0
61,1669;28,7745;0;0
50,2132;19,2273;0,490410745;0,732523561
21,3114565;-158,1203256;;
51,9514;15,4879;0;0
41,12983;-7,1199;1,241711259;1,750694156
27,37;35,659;0;0
58,2804;12,2787;0;0
29,7087312;-95,1712653;0,28757149;0,43703419
32,5792;-83,5822;1,336289644;1,925845861
33,9406;-87,1077;5;5
45,9593;-98,9463;0;0
39,60368;-8,41283;0;0
32,9633;-86,5187;2,501805782;3,302007437
32,662;-85,0916;2,620219707;3,757264614
30,34;-88,4919;0,571214378;0,752671361
32,806;-86,4449;0;0
60,1483;24,7183;0,006991525;0,011384089
41,1903177;-7,1591156;0;0
42,5496124;12,6898925;1,110166907;1,432329655
62,5204;17,3875;0,056816585;0,085471585
50,5727;15,9634;0;0
63,5548;16,8289;0,124604098;0,209769726
46,3063;9,3823;0;0
52,4889;13,497;0,257513672;0,316266239
55,5297;7,9062;;
52,3942;12,4181;0,54874593;0,673620701
41,6641358;-8,0627986;0;0
41,1422284;-7,4326001;0;0
50,645;13,9865;0,89064455;1,21727407
63,2713;17,1987;0,124604098;0,209769726
50,3562;18,2907;0,292981863;0,391174495
21,45;39,186;0,045267481;0,058653045
43,4340864;28,4896267;0,211155385;0,28463006
63,2395;15,2372;0,408778012;0,64842701
34,8987692;-98,5773393;0;0
62,9509;16,6681;0,131189555;0,213206679
36,7069;-96,7003;0;0
48,533;-102,933;0;0
34,4461;-97,2697;0;0
52,5895;13,5587;0;0
42,8971;12,5381;0;0
66,6314;19,8199;0,11531467;0,189678937
54,1229112;-3,2446994;0,292454302;0,356424212
45,7084326;7,1392272;0,484714121;0,609210491
49,8237;17,4342;0;0
28,35;46,049;0;0
62,9764;16,6584;0,131189555;0,213206679
37,3123;13,5071;0,06029487;0,087857038
50,3955;-4,8996;0;0
-33,2665;19,0225;0;0
34,0128;-85,9708;1,419783235;2,157071829
33,2583;-85,616;0;0
50,2855;19,0532;0,490410745;0,732523561
37,3711479;126,5823922;;
53,3907;14,5253;0,318934023;0,377836823
65,0193;19,6856;0,077541009;0,113746241
41,0855635;-8,1357664;0,587377369;0,806826472
43,2069124;-5,4018105;0;0
35,5298;-99,8145;0;0
44,5580747;27,8823137;0,255148232;0,4006356
39,5357;-5,9891;0;0
64,947;16,8273;0;0
45,82596207;7,326741219;0;0
50,0646;22,0294;0,630258083;0,834688902
33,4259;-86,3375;1,876122832;2,640244961
60,9511;12,5432;0,557323933;0,964844704
53,5267;10,0658;0,366942436;0,469986558
21,28;40,407;0;0
45,7089;7,1399;0,484714121;0,609210491
52,5321;13,2461;0,286354989;0,323998362
47,6314;11,3371;0;0
35,535;-99,3828;0;0
31,2504;-88,0156;1,971964836;2,630861759
26,8;50,006;0,00705246;0,007338333
39,2167;-1,05;1,381361604;3,290944815
48,6259;14,304;0;0
52,9705759;17,0909472;0;0
41,1659976;-7,7367766;3,821098566;5
53,426;10,3359;1,021846175;1,296164751
62,4165;16,4952;0,339170933;0,588608742
64,4735;18,8815;0,113961406;0,165646136
46,4394;9,3595;0;0
60,5637;17,442;0,187583521;0,273148149
63,4402;16,8804;0,124604098;0,209769726
52,4758;4,6048;0;0
5,0627;-53,0476;0,926046371;1,034175396
40,2211;-6,133;0;0
55,6473769;13,4184339;0;0
34,8278;-97,9572;0;0
64,9654;17,5797;0,186281502;0,291030288
41,7137849;-8,0399958;0;0
65,4023;18,6727;0;0
42,672957;12,2131383;0;0
53,0475;18,6932;0;0
50,2956;18,8099;0;0
39,5464439;-8,3269284;0;0
41,9547;14,3884;0;0
54,5535;18,4803;0,046026431;0,059374817
48,8474;17,1197;0,29497087;0,395279467
50,1059;19,0164;0;0
26,4;43,944;0;0
58,275;12,2727;0;0
30,46;38,214;0,022033844;0,025831813
62,0411;14,9004;1,083961487;1,713834524
45,7223097;-120,1976557;1,777500868;2,706235886
28,47;36,519;0,074430987;0,082700215
22,31;46,662;0;0
29,2639;-95,8997;0,154942214;0,231465966
51,289055;11,998134;0;0
53,5663;9,7285;0,038267743;0,047395047
41,0816615;-84,7313573;0;0
46,9921819;-120,5722406;2,101488113;2,804567099
43,4337281;-95,3271291;0;0
43,6740911;-93,0087577;0;0
42,4515;-89,8784;0;0
40,371509;-89,5543096;0,42574507;1,079749823
27,3657;119,4298;0;0
65,0959;17,1173;0;0
32,6189;-86,2548;0,435814381;1,725365877
34,4468703;-97,1271388;0,947105289;1,334557533
63,9407242;-22,380634;0,138875216;0,201452881
39,1933;-5,5779;0;0
35,2900401;-97,864058;0;0
37,1766;-2,9502;0;0
41,0334567;-84,7808277;0;0
63,6366;16,7762;0,124604098;0,209769726
42,6649756;-90,132698;0;0
39,0121217;-80,1314634;0,121843584;0,180752039
38,7945031;16,4472047;0;0
45,1586052;-117,8137226;0;0
32,3102;-86,5254;0;0,735365629
45,4384795;-120,4868737;0,100642867;0,144027576
41,5444;-73,0417;0;0
62,3913;17,3063;0,158101946;0,2507056
26,126;-97,3776;0,247634321;0,352835536
-27,584;22,9275;0;0
-32,834;18,0061;0;0
39,9894;-0,6804;0;0
41,9778;-0,5373;0;0
49,1928;18,5083;0,372389674;0,653817177
32,5354;-85,8876;0;0
-30,8734;-71,5915;0;0
51,4606;1,0938;;
54,7642;-3,6955;;
54,7473;-3,7293;;
45,179734;28,7942981;0,554921746;0,882956386
52,5374;13,3461;0,286354989;0,323998362
42,7163;-0,5256;0;0
53,9664;9,4495;0,043756224;0,051347949
53,4116;14,5858;0,318934023;0,377836823
34,1721;-85,7538;1,419783235;2,157071829
42,5899;0,4927;0;0
54,2907;9,7228;0,065680049;0,0866763
65,5065;15,621;0,660915971;0,974689603
37,1672211;-8,2623508;2,065298557;2,771687508
43,1;-2,75;0;0
-29,0387;24,9332;2,016373634;2,66326952
20,09;41,439;0;0
64,5667;26,6667;0;0
40,7302296;-8,3477823;0;0
41,3006;-2,475;0;0
65,8078;21,6716;0,152448267;0,264448941
63,0287;16,5716;0,131189555;0,213206679
48,2022;18,597;0,28246519;0,414373755
38,4920141;22,9759911;0;0
29,9602085;-93,8911277;0,332260132;0,449138701
50,5244;11,7144;0;0
51,7422;10,9188;0;0
52,9504138;17,2891221;0;0
42,4366282;-79,3093576;0;0
41,8669062;12,4759242;1,110166907;1,432329655
64,2307;18,3117;0;0
63,1419;16,1611;0,131189555;0,213206679
41,0623658;-8,513252;0,587377369;0,806826472
44,9290687;-73,9279452;0;0
44,0524;-81,6558;0,064878054;0,094681241
49,5561;-113,963;0;0
35,7998;-114,9817;0,012156074;0,015776429
28,01;48,751;0,004591197;0,004945688
59,3623;17,8241;0,260356188;0,372975051
53,7364;-0,9981;0,565219879;0,726445615
35,1947;-98,9072;0;0
41,70165;-8,16343;0,587377369;0,806826472
33,7845;-86,0524;1,419783235;2,157071829
34,7313;-83,3755;0,578160405;1,054038525
61,3956;16,4041;0,040571116;0,061116762
4,8632;-52,2756;0,841883421;0,922539294
40,9319;14,385;0,149232283;0,192344576
39,0441375;-2,4835928;0;0
39,25;-0,7667;0,106979385;0,114793487
45,0251;28,8558;0;0
45,0451;28,9607;0;0
51,6028;7,0094;0;0
24,65;46,728;0;0
63,2207;15,3219;0,408778012;0,64842701
0;0;;
54,1721172;21,1337038;0;0
43,7032472;7,2177978;0,59120369;0,830731273
41,0854355;-8,2455993;0,587377369;0,806826472
39,5475;-118,5556;0;0
63,9304;19,6661;0;0
44,3172145;27,9896648;0,210463285;0,343472064
38,9209;-1,7202;0;0
50,8273;19,1247;0,192489684;0,261295706
64,6667;27,1333;0,047313806;0,080555066
43,1040433;-9,2215228;0;0
49,1275;18,3642;0,372389674;0,653817177
38,7436214;-9,1952226;0;0
57,0599;9,1563;0,230833143;0,317959189
40,9962123;14,785713;0;0
42,3227;0,2438;0;0
40,9099723;-84,5084677;0;0
33,7717554;-116,6339863;0;0
-23,0748;27,9912;0;0
65,572;15,1816;0,957380652;1,570944786
-34,8509;135,5852;0,013557675;0,020699285
41,0475;-2,2048;0;0
41,9974;-6,2738;0;0
43,2723281;-6,3061746;0;0
42,5481;12,67632;1,110166907;1,432329655
37,3449;-2,5091;0;0
43,2239834;-6,8729721;0;0
41,6584568;-8,1891179;0;0
41,2048231;15,5621246;0;0
61,2104;28,7834;0,105856776;0,122484297
42,629;-0,3214;0;0
65,4763;15,8566;0,660915971;0,974689603
32,5163;-84,9969;0;0
46,3128;9,3963;0;0
48,8616;21,0911;1,837644815;2,904219151
52,6089705;1,7361332;0,188592136;0,241827101
41,6979062;-8,0221519;0;0
42,5557816;12,6846923;1,110166907;1,432329655
42,0982553;14,3279143;0;0
40,6892751;-7,9953257;0;0
64,7333;26,5;0,047313806;0,080555066
38,8795;-1,3123;0;0
61,95;15,5167;0,145271704;0,224833459
64,2861;17,2427;0,040723693;0,05426012
53,7259;-1,3626;0,281134903;0,406385958
53,1623;-2,4037;0;0
49,1331;18,4538;0,372389674;0,653817177
59,95;12,75;0,159163594;0,21876353
55,1822;-2,0714;0;0
24,12;38,118;0,004132243;0,004824462
65,0521;17,2328;1,92296195;3,1484375
51,1656353;21,2267375;0;0
51,17541;15,01638;0,247105211;0,320016533
41,2748672;14,9211685;0;0
41,7283909;-8,0199059;0;0
33,4587;-87,3568;2,005982876;2,867172718
43,4949;-7,2421;0,19919315;0,242810696
43,2942171;-6,3951609;0,103641838;0,124544628
42,7238;-0,2817;0;0
40,9221644;14,7776341;0;0
40,1935;-6,1634;0;0
55,8087;-3,5322;0;0
51,14;17,6246;0;0
43,7754061;-1,2191306;0;0
32,5743;-85,8901;0;0
58,4087;-3,2715;0;0
55,1524;-3,3809;0,027442226;0,039553292
53,6908;-1,6291;0,281134903;0,406385958
39,2652694;17,0515025;0;0
46,616663;9,2914673;0;0
41,0669386;-8,4617603;0,587377369;0,806826472
45,7076963;7,6746603;0,484714121;0,609210491
37,2174;-2,9997;0;0
38,6722;-2,4099;0;0
38,9667;-1,2167;0;0
39,6;-1,8;0;0
39,5;-2,1667;0;0
39,4085;-2,2017;0;0
42,3897;-1,7932;0,3879022;0,744892895
38,9722;-1,4518;0;0
51,45;1,08;;
14,026161;108,9671299;0;0
38,9921979;-1,878099;0,144750476;0,200339749
39,467874;-2,171247;0;0
41,3043855;-0,760132;0,064910099;0,080493107
39,9;-1,2667;0;0
43,2134;-7,2937;0;0
33,8148699;-116,9708709;0;0
40,6020252;-4,3424811;0;0
27,47;41,742;0;0
43,2552114;-6,0187584;0;0
41,3424;-0,9599;0;0
63,1625;15,6245;0,408778012;0,64842701
-34,6977;149,3861;0;0
60,4858;15,4371;0,332367122;0,468614101
33,2553;-87,4495;2,005982876;2,867172718
38,7564;-1,0117;0;0
36,035348;138,0473657;0;0
58,1356;12,1199;3,416668415;5
48,1965263;14,1953991;0,684155405;1,153080463
47,6515;10,7355;0;0
56,3706791;8,8447499;0;0
48,1912;19,8296;0;0
39,0198984;-1,8875279;0,144750476;0,200339749
64,7129;18,2534;0,074215263;0,116348661
33,1403;-83,2028;0;0
49,8465;14,4219;0,769555032;1,213556767
18,4457388;-67,04766;0;0
45,5945715;7,7900661;0,484714121;0,609210491
34,7133;-83,3519;0,578160405;1,054038525
63,7833;25,9667;0,019650929;0,023396738
41,8152473;-1,4903512;0;0
42,7762;-9,0603;0;0
42,4768;-7,2746;1,495377541;2,200577736
42,4139;-6,9191;1,495377541;2,200577736
38,6328;-0,8197;0;0
60,55;17,7667;0;0
53,6223;-0,9356;0,116382234;0,148172975
41,4607718;13,9297838;0;0
39,4830599;-7,8651951;0;0
42,453834;-70,974142;0,378433466;0,525387406
51,2747859;5,576274;0;0
46,9246293;9,7934252;0;0
34,0989623;-116,8291081;0;0
48,4884;17,7938;0,447673142;0,635658205
60,4167;17,3;0,332367122;0,468614101
48,196888;14,1096799;0,684155405;1,153080463
42,5273;-3,4383;0;0
49,5511176;2,0990365;0;0
38,31700134;23,31699944;0;0
52,6191598;18,5146004;0;0
41,36176;15,31104;0;0
38,8561745;-9,0772295;0,487363577;0,670802176
45,7438448;7,2981681;0,484714121;0,609210491
32,2925;-88,7461;0;0
39,8908839;-8,2899808;0,27391994;0,318956375
42,0635;-7,7246;0;0
43,2370611;-6,8295173;0,19919315;0,242810696
42,5741;0,1824;0;0
43,36620712;-7,469906807;0;0
57,4691;-6,4322;0;0
43,0093868;-9,1729642;0;0
36,539;-5,3868;0;0
4,8626;-52,2748;0,841883421;0,922539294
41,7477239;15,0063444;0;0
41,8307962;-1,4639905;0;0
40,5407011;-7,3901101;0;0
35,4699992;-118,9787548;0;0
42,2599043;12,7459466;0;0
45,7878014;7,3894747;0;0
42,5210949;12,5210347;1,110166907;1,432329655
40,7342;-1,6172;0;0
51,0915;13,6098;0,950603962;1,226612568
44,2426041;0,0278158;0;0
51,8413;19,3939;0;0
38,31986237;23,32289696;0;0
45,8061266;7,5867029;0;0
32,6097;-85,0805;2,620219707;3,757264614
53,4383368;8,7182926;0,024218891;0,033927232
49,132;18,9114;0,372389674;0,653817177
49,1072;18,9916;0,372389674;0,653817177
56,9162;12,8229;0,051290084;0,07353507
55,8846;13,9647;0;0
52,4295;14,6829;0;0
41,6704;-3,6892;0,532844007;0,878351688
42,9684;-7,0854;0;0
37,5076;-7,2704;0;0
60,4;15,8;0,332367122;0,468614101
42,3441564;-3,7122026;0;0
41,6785062;15,5836382;0;0
64,6167;28,4833;0,012132542;0,014318679
39,8667;-1,2167;0;0
51,6823064;4,3248971;0,283928156;0,375386178
34,4022861;-116,959147;0;0
37,82285;13,56658;0;0
37,8924212;13,08979;0;0
53,4866338;12,158654;0;0
57,3665;-2,8661;0;0
43,9957049;5,9328442;2,087565422;2,963391542
52,3094;19,0603;0;0
42,904;-8,7427;0;0
62,0272;14,284;0,303460598;0,498766482
43,3126;-7,9146;0;0
46,46252823;27,94892311;0;0
42,0411031;-0,5866272;0;0
43,8612231;2,0915472;0;0
41,9184504;-1,2657695;0,278069079;0,379282951
58,743;17,0006;0,011755341;0,016230796
61,0831;14,3167;0,207297295;0,298873723
62,5167;15,7833;0,339170933;0,588608742
58,3557;12,3729;0;0
40,666511;15,9149107;0;0
42,4;-8,4333;0;0
42,45;-70,9739;0,378433466;0,525387406
41,8721533;14,4117219;0;0
41,8341;-1,5327;0;0
42,4171;-7,7498;1,495377541;2,200577736
40,9333096;15,9773943;0;0
41,7316713;14,6845356;0;0
41,7379826;-7,8558338;0;0
42,592;-1,3604;0;0
43,1653;-9,1125;1,292383194;2,078564644
40,8823494;15,1031024;0;0
42,0208;-6,417;0;0
51,7158;16,9196;0;0
59,8386;13,5436;0,351857483;0,569882751
65,8453;21,5545;0,152448267;0,264448941
53,4201;-1,3985;0,045534119;0,060709957
33,1800162;131,6209362;0,373715222;0,501106739
44,9470155;28,8393687;0,18654868;0,301279932
63,8776735;-22,4569057;0;0
39,59075165;141,4369202;0;0
33,9228007;-116,5474459;0;0
40,7947;-0,8101;0,320986092;0,466933995
61,3468;16,075;0,103786662;0,128275275
41,0337;-2,1434;0;0
42,2868115;-3,6234437;0;0
43,4274852;28,326313;0,211155385;0,28463006
45,68391;7,7177931;0;0
49,2594;18,6815;0,372389674;0,653817177
42,6609;-8,1129;0;0
42,0330088;13,7721149;0;0
42,0471797;-0,9116126;0;0
38,8346;-1,4603;0;0
45,7507287;7,6082145;0,484714121;0,609210491
42,5794;-6,4684;0;0
43,4850462;-6,5285995;0,103641838;0,124544628
43,4802295;-6,2990643;0;0
42,773;-8,8444;0;0
30,8349;-81,5636;0,227303803;0,321351528
32,3524;-84,9688;2,822288513;4,035085678
33,3866;-82,1401;0;0
31,9047;-81,5954;0;0
51,843;16,7103;0;0
54,01;15,6851;0;0
50,5355;17,1067;0;0
52,4903;13,8299;0,523706615;0,654477954
53,8014;14,6282;0,138934016;0,194923908
60,5638;17,4422;0,187583521;0,273148149
40,1669;-4,4048;0;0
39,2333;-1,75;0;0
44,9396012;-75,3686988;3,88825798;4,7660532
37,916616;14,3507994;0;0
39,1692145;-2,2640172;0;0
41,8244277;15,3621516;0,061951682;0,085353196
41,31689;15,40807;0;0
39,7541222;-8,8410639;0;0
41,6176245;-0,7042775;0;0,000541836
41,627925;-0,8932959;0;0
36,1839511;-5,7578623;0,214720994;0,338176876
35,1284182;-118,5283587;0;0
41,6002327;-106,2682562;0;0
41,5801;-1,1172;0;0
41,65000153;-3,5;0,410650373;0,707387269
46,8563835;-0,262566;0;0
32,4988;-84,9956;0;0
40,99656;15,326555;0;0
39,4912025;-8,0476406;4,24943924;5
40,6747749;14,7751466;0;0
55,8866768;-2,162812;0;0
41,7671212;-2,4833338;0,612420678;0,729901373
39,1714143;-2,1904627;0;0
60,5315;17,4156;0,187583521;0,273148149
40,993588;-7,788704;0;0
46,5848879;27,898407;0;0
40,053982;-8,8766831;4,15763092;5
38,8253652;16,4184643;0;0
42,7778;-3,0458;0,452397406;0,639091372
49,8422607;4,290843;0;0
42,25;-7,3833;0;0
40,6671038;8,7400646;0;0
43,3667;-7,4833;0;0
48,3067;11,8588;0;0
64,102;17,2891;0,648118973;0,977001667
37,0802229;136,8479668;0;0
41,348597;14,975188;0;0
45,69871;7,1962;0,484714121;0,609210491
45,70204711;7,22078136;0,484714121;0,609210491
46,51739;13,12263;0;0
51,59318924;13,29816341;0,234106421;0,29783231
39,15412903;-122,1508713;0;0
42,737;-1,6331;0;0
56,0820834;8,3994586;0;0
38,9147;-3,5369;0;0
48,3586;11,8822;0,454893082;0,602993906
52,2868691;16,6013704;0;0
44,060819;28,2216453;0;0
39,3037874;17,0232941;0;0
36,4634365;-5,9408162;0;0
40,0884085;-8,33089;0;0
40,3053968;-8,4552584;0;0
42,3746;-7,2351;1,495377541;2,200577736
39,877;-0,0558;0,18284288;0,210096151
36,7702;-2,9543;0,059862461;0,091432936
48,6605;17,855;0,447673142;0,635658205
48,861;17,9689;0,447673142;0,635658205
48,7725;17,8516;0,447673142;0,635658205
38,316;23,31558;0;0
37,1767;14,72519;0;0
41,2976425;14,9033808;0;0
38,5603;-112,5811;0;0
63,6833;12,6333;0,499457389;0,87086314
39,6352113;141,564588;0;0
38,6687868;-9,0645835;0;0
39,5650111;-7,81446;0;0
49,1281;19,0941;0,372389674;0,653817177
41,05109;-7,74815;0;0
57,9956;-4,547;0;0
41,954212;14,3869062;0;0
42,4168;-7,764;1,495377541;2,200577736
43,4668;-7,7238;0;0
43,3828;-4,0024;0,341965497;0,48162657
38,9667;-1,0833;0;0
60,1454;16,1679;0,332367122;0,468614101
60,1667;15,0667;0,02086748;0,028720686
60,45;14,4833;0,332367122;0,468614101
60,9667;12,4667;0,557323933;0,964844704
48,0299;17,2254;0;0
42,7713;-0,3345;0;0
42,3448904;-3,7267792;0;0
47,2306153;-0,1963011;0;0
41,3245968;15,1576454;0;0
51,609488;13,8137909;0;0
45,86856;7,61446;0;0
43,09963608;-8,91601944;0;0
37,2743653;15,0034802;0;0
40,8579285;15,8551413;0;0
39,2944;-118,5725;0,117047727;0,135878801
48,15656;14,0244;0,684155405;1,153080463
55,0373;8,6666;0;0
40,53713226;-7,267849922;0;0
45,7104311;7,8414461;0;0
38,7288;-2,005;0;0
42,6525;-1,626;0;0
55,7606;11,5615;0,063992009;0,085628629
34,6815;-83,3426;0,578160405;1,054038525
53,6336389;8,6704167;0;0
52,8700348;10,0253841;0;0
42,653;-1,3067;1,642012596;2,316083431
48,4413;11,9923;0,787601471;0,97229892
41,8035147;-8,3639188;3,144300461;3,664962292
60,15;16,1667;0,332367122;0,468614101
59,5833;13,6833;0,351857483;0,569882751
54,8333389;-5,0043774;0;0
51,2250945;10,9297511;0;0
45,558643;7,7603415;0;0
39,8693578;-8,2489755;0,27391994;0,318956375
42,6088;-7,7712;0;0
41,8345011;-1,5384426;0;0
49,3756;19,557;0;0
51,8557852;13,0945253;0;0
44,2131;-72,0572;1,492821693;1,816248298
50,4378361;9,3365166;0;0
40,6336;-4,4669;0;0
40,594;-4,4115;0;0
39,9856;-3,369;0;0
64,2;24,5;0,015697245;0,021102637
43,3904562;5,128633;0,360987365;0,481605947
40,7117389;-4,5096203;0;0
45,57595;9,53215;0;0
44,9447065;3,704729;0,321910977;0,620974243
39,6574588;-8,8499618;0;0
53,735817;-0,803375;0,116382234;0,148172975
27,9233774;-15,5767683;0;0
28,47;36,517;0,074430987;0,082700215
28,47;36,522;0,044122204;0,049031757
54,0614;15,6981;0,148010433;0,178263143
60,3833;17,2333;0,332367122;0,468614101
59,1497;18,1167;0;0
59,6167;13,4667;0,351857483;0,569882751
40,4;107,01;0;0
5,1636;-52,6702;0,608091593;0,684027314
39,4129;8,968;0;0
42,7485;-1,7226;0;0
52,0030243;12,8446157;0;0
33,5579202;-80,7238103;0;0
32,7539511;-81,2500411;0;0
32,9099021;-81,1744369;0;0
40,58565;17,47548;0;0
42,5457977;12,5183311;1,110166907;1,432329655
39,8522299;-7,9229885;0;0
40,2198987;-8,0605196;0;0
53,9140774;9,0811573;0,041330278;0,053233363
53,167892;13,7074992;0;0
40,8131;-1,5964;0;0
45,6968347;6,8482877;0;0
52,36361694;10,88605022;0;0
41,3737804;15,0934868;0;0
51,507463;11,4799331;0;0
50,0450909;9,4907498;0;0
40,658667;15,191612;0;0
40,9164462;8,8906823;0,20809117;0,250626624
38,4;-6,4667;0;0
43,3;-7,6833;0;0
21,9244904;-159,5249209;;
41,4833;0,4667;4,474585533;5
40,3848019;-7,7072101;0;0
47,6927;10,7976;0;0
66,7667;17,5333;0;0
41,8202298;12,425698;1,110166907;1,432329655
42,0130663;-0,7651718;0;0
52,380117;11,9819084;1,188708663;1,507816195
52,4265945;12,4034586;0,54874593;0,673620701
54,342682;12,719456;0,289145589;0,322645754
43,4206207;-0,626756;0,356085002;0,522452354
45,6132711;7,7327809;0,484714121;0,609210491
49,7683165;9,1599338;0,776058793;1,003270626
43,2658834;-8,963549;1,292383194;2,078564644
43,3598;-4,3493;0,390556544;0,502288938
42,6487;-3,5904;0;0
42,696;-8,2465;0;0
46,3612823;1,3333984;0;0
46,3438989;1,1434594;0;0
53,2608491;8,636113;0,056872368;0,083255589
48,0942498;16,7945364;0;0
55,653595;11,077612;0;0
41,3514952;14,9530852;0;0
51,0254286;5,9858931;0;0
41,6764063;-7,9189017;0;0
41,2811429;15,2661672;0;0
45,90683;7,6165;0;0
42,34089279;-3,699762106;0;0
41,2843689;15,0218556;0;0
43,3573629;-5,872581;0;0
43,5574185;-5,93553;0,903091073;1,055683851
40,9297931;9,0627913;0;0
51,5365;14,3829;0,596089065;0,907625854
47,0078179;1,982073;0;0
47,4166803;15,5745571;0;0
51,0142682;2,2756612;0,047145076;0,055006821
37,6143;-7,2488;0;0
57,1252;9,5452;0,055805169;0,075496003
54,1446;12,1412;0,114986859;0,13785702
36,7507;-3,5179;0,358837515;0,762069941
57,0167;14,9;0,032819569;0,048827909
41,351467;14,9706809;0;0
37,6804112;12,7745466;0;0
47,3398063;-2,1081781;0,200205907;0,265155047
37,1766;-2,9502;0;0
33,9684;-84,3827;0;0
48,084;10,8649;0;0
47,8002;10,9026;0;0
56,4845;10,2489;0,055805169;0,075496003
48,9638;18,1454;0,447673142;0,635658205
48,9022;18,056;0,447673142;0,635658205
46,772725;-0,2850445;0;0
41,500138;15,081422;0;0
47,3459528;13,1791457;0;0
61,2667;16,85;0,044842802;0,065859355
48,6039;12,3023;0,271580935;0,325271606
42,16848373;-3,441566944;0;0
50,000473;7,37624;0;0
59,55;12,55;0,125306666;0,184343234
34,7504;-83,4063;0;0
-21,8606218;166,0449599;0;0
46,1212965;-0,6315915;0;0
44,9869962;-0,7368098;0;0
52,3746555;-1,1254592;0;0
40,6251036;16,9223115;0;0
54,8629144;9,2667241;0;0
51,8324743;13,8876157;0;0
41,6890596;14,8068895;0;0
47,3263066;13,1870326;0;0
50,9828366;8,7882753;0;0
52,4666792;10,7078908;0,183833718;0,233367771
42,6833;-7,2333;0;0
40,9084952;15,8256424;0;0
32,0411;-81,145;0;0
37,2747423;14,7880312;0;0
41,6500151;14,8078905;0;0
37,5302;-3,6562;0;0
42,4284862;-6,4110575;0;0
61,15;14,1833;0,207297295;0,298873723
48,634;12,4837;0,271580935;0,325271606
49,0057;18,235;0;0
37,6434064;12,5655213;0;0
48,876902;4,619589;0;0
56,106372;8,2192372;0,230833143;0,317959189
56,0969644;8,2136008;0,230833143;0,317959189
48,0690914;13,1765046;0;0
50,5498667;4,2150219;0;0
52,5411304;12,0157623;1,188708663;1,507816195
39,7167;-1,1;0,320986092;0,466933995
48,6225;12,398;0,271580935;0,325271606
41,3093189;14,8737752;0;0
51,7358652;11,8892079;0;0
41,8677794;-8,2027803;0;0
40,7067;-4,5002;0;0
40,7059049;-4,516716;0;0
41,2514896;15,1667091;0;0
48,45876;13,80912;1,228704214;1,646188736
42,4576472;-3,4690423;0;0
33,3208;-83,8419;0,58889842;0,75018841
48,6398323;9,9519078;0;0
51,44919669;10,66324054;0;0
53,6427142;10,6103353;0;0
41,3245968;15,1576454;0;0
41,6294167;-8,1475613;0;0
51,65284;3,92407;0,283928156;0,375386178
43,31157;13,31252;0,073753372;0,109639511
39,45;-2,0833;0;0
63,7167;13,15;0,499457389;0,87086314
53,1355;17,9836;0;0
53,1620161;16,6074308;0;0
40,6280194;16,7876062;0;0
54,585557;8,923156;0,065680049;0,0866763
51,4741534;13,265992;0;0
58,8312433;-3,1238116;;
39,5333;-1,6;0;0
48,092399;13,8529487;0;0
56,76301;9,37484;0;0
50,7730087;8,8871914;0,253055453;0,353383511
37,3167;-4,05;0;0
61,4167;16,4;0,040571116;0,061116762
60,0667;13,4667;0,557323933;0,964844704
42,4813893;-3,427031;0;0
52,7476557;11,2739442;0;0
45,9714506;13,3925646;0;0
47,5841449;13,5220907;0;0
36,8773;-2,6018;0;0
41,8125848;14,4840406;0;0
64,3513453;24,4175444;0,016235586;0,02124574
47,9019241;14,1110432;0;0
40,729242;15,7154358;0;0
36,8765576;-2,6066883;0;0
37,1675;15,1644;0;0
39,474854;-8,3463637;4,24943924;5
36,1949;-5,7634;0,214720994;0,338176876
47,5547;11,2914;0;0
51,8172772;11,9293438;0,697607517;0,923036277
49,7943;10,1813;0,627981126;0,797339439
48,6961;12,7978;0,670700669;0,845258892
48,6679;12,66;0,271580935;0,325271606
51,5830574;11,8606627;0;0
37,73853302;-121,4211273;0;0
41,36119;15,3089;0;0
37,736761;-121,568346;0;0
48,2374;10,9272;0;0
48,1802;10,8833;0;0
47,8792586;13,7677339;0,404807508;0,778896093
48,2106;10,9049;0;0
37,5251;-7,4925;2,065298557;2,771687508
48,1484;10,867;0;0
48,2704;10,9773;0;0
62,55;15,8333;0,339170933;0,588608742
45,1831251;-1,1235599;0;0
48,02331;16,63761;0,18871218;0,216648936
36,6866988;-121,6762177;1,731937647;2,781936169
56,7434089;8,6005423;0;0
51,77218491;-4,027266953;0,066298753;0,099957585
43,7012247;3,7375729;0,330408067;0,431057632
51,05752;9,9053757;0;0
43,4274837;6,1953277;0;0
44,2091895;22,9143155;0;0
51,1885086;10,6822572;0;0
48,7883349;5,9732651;0;0
55,69085312;8,547559738;0;0
44,1622342;0,2032077;0;0
37,3749484;-8,1893269;0;0
41,0744137;-8,1041111;0,587377369;0,806826472
51,0328292;2,2533348;0,047145076;0,055006821
45,792734;13,0632035;0,118064754;0,148905128
40,3052085;-8,2342196;3,528883219;5
48,0836;-100,9215;1,221088886;1,849791884
43,7956941;1,3164773;1,273622751;1,529823542
49,1755772;5,951064;0;0
42,6036211;-5,5861461;0;0
41,47844;15,12419;0;0
40,6568848;-4,699703;0;0
50,3684332;3,0723328;0;0
44,3024793;5,1526708;0;0
50,2834516;3,9435959;0;0
40,0041624;-8,2385756;0;0
37,72984564;-121,4348834;0;0
44,4850878;-0,637262;0;0
43,2571589;2,9917106;0,771448731;0,999904871
50,09709549;2,474499941;0;0
51,9365292;0,5555838;0;0
43,5841707;4,9973335;0;0
43,051496;2,88813;0;0
48,8399934;6,42521;0;0
47,9021147;1,4242157;0;0
47,9194759;1,300199;0;0
49,6308716;2,0269995;0;0
49,6050964;2,020529;0;0
42,8975203;-75,5168708;0;0
45,6995572;7,1925299;0,484714121;0,609210491
53,4576892;8,8974177;0;0
43,96858597;-0,808467984;0;0
41,4963;15,05372;0;0
61,25;16,6333;0,044842802;0,065859355
47,9963;11,4854;0,454893082;0,602993906
42,6859999;2,618246;0,045763165;0,05516389
41,5406;-1,7166;0;0
60,5167;14,9667;0,332367122;0,468614101
50,4267185;-4,3757944;0;0
43,6566632;5,8042133;0;0
39,65111;-7,67345;0,27391994;0,318956375
45,8728234;7,7930897;0;0
41,2702;-6,3208;0;0
42,8818178;13,0328365;0;0
48,2447656;0,1192199;0;0
41,5076183;15,1135088;0;0
41,5790035;-8,1508048;0;0
47,1822826;0,4275663;0;0
59,4589;18,5942;;
31,3311;-85,7302;0;0
48,9609417;1,8265065;0,848891377;1,134931087
51,7005166;14,3458446;0;0
41,170019;-80,105425;0;0
56,35;16,2667;;
49,4756651;0,2857874;0,217146933;0,257419705
46,8662993;9,7041494;0;0
51,8714321;14,3290382;0,379407465;0,496960342
45,7100847;6,8482877;0;0
43,5938727;4,9316328;0;0
45,3918201;5,4811195;0;0
47,7393;10,8257;0;0
57,1;18,25;0,005872923;0,00754605
53,69486;8,921763;0,024218891;0,033927232
41,5944535;14,9105306;0;0
40,1346118;-8,0553561;0;0
41,1020361;-7,9648859;0,587377369;0,806826472
47,716;10,8258;0;0
45,6413;-94,5993;0;0
45,3929;-94,7212;0;0
44,0924;-93,531;0;0
50,8959;20,6118;0;0
61,5;14,8333;0,033008911;0,04534116
57,4639;-2,8992;0;0
38,9580395;-5,7514365;0;0
51,4717184;13,4970263;0,234106421;0,29783231
50,7719079;12,2227964;0;0
51,7817714;4,0529451;0,283928156;0,375386178
49,3074596;5,7763727;0;0
43,4449575;28,0047458;0;0
49,61514282;11,80159569;0;0
41,4764498;-7,6749879;0;0
48,8128345;5,2810406;0;0
40,8206859;15,3136401;0;0
50,0367756;4,3278347;0;0
51,6099671;14,0699143;0,379407465;0,496960342
51,4802865;13,3280219;0,234106421;0,29783231
42,56018;12,6468;1,110166907;1,432329655
52,0242015;7,4444368;0;0
41,3118509;-7,899799;0;0
40,4026081;-7,644116;0;0
43,3758445;-5,9705827;0,216512442;0,250137568
43,31202;13,34983;0,073753372;0,109639511
43,2961576;13,4431222;0,073753372;0,109639511
45,6653981;7,6802455;0,484714121;0,609210491
43,7561547;24,2658269;0,75813812;0,990659118
41,5674309;14,8487228;0;0
42,5609;-114,0575;0;0
48,1887399;14,1836167;0,684155405;1,153080463
51,7703139;12,5544987;0;0
50,7947281;9,1782635;0;0
41,9424981;14,4213295;0;0
41,3240852;15,0068644;0;0
33,83030319;-116,5468445;0;0
19,7315898;99,3579455;0;0
45,7829304;7,7861056;0;0
44,9201938;7,8376136;0;0
41,959066;12,820672;0;0
37,2716595;14,6906448;0;0
44,3990188;22,8605748;0;0
52,0101423;-0,0180871;0;0
55,4503;10,5215;0,038267743;0,047395047
47,2776028;15,9504698;0;0
47,9748204;-4,2864701;0;0
48,08153915;1,740934968;0,03854249;0,058353782
51,4385492;11,6984404;0,369944781;0,49198103
62,5667;16,4167;0;0
60,5089;14,2246;0,332367122;0,468614101
42,5513364;-3,7294473;0;0
36,248023;-6,0377546;0,214720994;0,338176876
36,25287687;-5,970694826;0,214720994;0,338176876
36,4214476;-6,1397041;0,63353157;0,975276351
53,4420142;14,2633319;0;0
36,8842801;22,5419463;0;0
36,8516151;22,6637328;0,183007956;0,257207453
40,24489;-8,79572;0;0
56,4841154;8,4598728;0;0
51,5819788;13,134207;0;0
41,52535;13,97184;0;0
41,9069267;14,485312;0;0
40,3748618;-8,2059129;3,528883219;5
41,840847;-1,18138;1,117426872;1,499854565
-28,419;21,2688;0,60179925;1,466415405
0;0;;
41,5752552;-8,2775959;0,587377369;0,806826472
49,6895579;9,3962627;0;0
45,7014119;7,2422729;0,484714121;0,609210491
50,8742833;6,81577;0;0
44,7899;-93,9013;0;0
63,6167;29,1167;0,176470295;0,255405784
38,0485762;13,1092492;0;0
49,1279673;6,6737762;0;0
42,5867;-114,0675;0;0
46,39694595;2,670377016;0;0
49,8159447;1,7536554;0;0
38,4287737;22,6657983;0;0
51,86689758;12,6339159;0,704330802;0,939929426
51,1599762;11,324073;0;0
50,5116358;2,0576838;0;0
50,525237;2,169762;0;0
43,434057;28,3273637;0,211155385;0,28463006
53,83829117;10,29819965;0,23570931;0,272309154
45,7456386;4,0302909;0;0
43,2254539;-6,819834;0,19919315;0,242810696
44,85;7,84987;0;0
36,19281769;-5,918902874;0,214720994;0,338176876
51,7759553;13,3118475;0;0
38,0782752;13,2831307;0;0
43,4268224;0,5681775;0;0
40,713791;-8,3476142;0;0
45,1959;-93,8121;0;0
51,95598768;13,33207112;0;0
51,0861287;6,5468729;2,075123072;2,686712742
43,8024533;24,0830826;0;0
44,419942;22,5778914;0;0
14,9715062;102,0747325;0;0
58,0248727;-4,4078419;0;0
48,5157761;3,6977405;0,280599624;0,378256738
41,43608;-7,58988;0;0
41,1030184;15,4581714;0;0
33,6267;-85,9695;0;0
50,9004951;11,9544649;0;0
42,8213856;12,9164092;0,021105371;0,026234055
40,3949845;-7,703271;0,27391994;0,318956375
50,7689199;8,4443843;0;0
45,8918336;10,1366416;0;0
45,6735819;4,8413451;1,268020868;1,611286879
51,0306;2,337;0,047145076;0,055006821
51,3927518;12,0933656;0,369944781;0,49198103
47,76492691;16,51290321;0,18871218;0,216648936
41,7160449;-8,8439541;0;0
50,7169035;-1,27779;0,195483699;0,24129504
52,0097113;12,9279599;0;0
49,7737294;11,495514;0;0
52,0402581;1,2703102;0,133926868;0,187597036
52,9629881;13,2274908;0;0
48,9061429;9,1341254;0;0
63,0167;25,4167;0,019930163;0,027119135
50,5978788;8,7449919;0;0
45,8072775;7,4529161;0;0
65,7667;24,4;0,200361237;0,277260393
59,5254;13,4813;0,351857483;0,569882751
41,3252585;15,1788838;0;0
44,8229971;8,6722576;0;0
53,3844881;10,6811262;1,021846175;1,296164751
41,23924;15,213862;0;0
45,4525;-92,902;0,033277262;0,042844549
44,026;-92,8816;0;0
34,7181;-84,9319;5;5
61,2833;13,15;0,302123845;0,616977811
48,908412;9,8367787;0;0
53,8360824;9,058039;0,041330278;0,053233363
43,5359526;5,3179077;0;0
42,5526468;12,6968069;1,110166907;1,432329655
37,9009;21,2364;0,787869215;1,347342014
48,0555498;-4,6799195;0,090782188;0,10205479
51,1962498;7,3999105;0;0
47,2442337;13,1823839;0;0
48,7005875;9,997844;0;0
63,75;25,3333;0,017484758;0,023090996
43,3022484;1,9967875;0;0
44,7975091;10,2900346;0;0
44,8391;8,7776;0;0
44,397803;10,9236822;0;0
51,9627821;-2,6664925;0,638660133;0,894158244
51,6384891;12,2907922;0,697734833;0,914461374
38,9983657;-8,0481424;0;0
46,9116639;9,8992104;0;0
44,9962961;0,2487262;0;0
45,247;-94,1069;0;0
41,8508;-91,2342;0;0
34,7939;-83,5406;0;0
40,86;22,6719;0,289905429;0,422931015
48,583603;10,9486048;0;0
48,1753137;-2,2129983;0;0
50,0477437;9,9281247;0;0
49,5529435;4,3437379;0;0
38,9004927;-9,3117128;0;0
51,1112698;14,7726642;0;0
51,2385413;6,7443112;2,075123072;2,686712742
51,19075012;8,889802933;2,155694246;2,28544569
41,9113729;14,3721777;0;0
42,5918328;12,2944574;0;0
45,9710701;9,6474345;0;0
42,451657;-71,644602;0;0
43,4809721;10,6321592;0;0
28,1911188;-16,5816007;0;0
40,9988798;15,5293927;0;0
40,5007916;17,6392836;0;0
37,72986443;-121,4348826;0;0
48,6590926;11,9323644;0;0
46,77690887;9,117572784;0;0
44,1545;-93,9166;0;0
44,2749;-93,3106;0,255230933;0,648327887
58,9167;12,3;0,06162256;0,089683384
54,6936;-1,3003;0;0
50,5724109;12,9773144;0;0
-21,0445689;164,8398051;0;0
37,72992468;-121,4346114;0;0
31,6028;-84,1376;1,25247252;1,639901876
51,0995039;12,176979;0,222053409;0,384160697
42,0108216;13,6142285;0;0
48,2499939;10,3132219;0;0
50,4119542;-4,4591604;0,03578344;0,059638906
44,2343499;0,1275167;0;0
44,5725;7,7693;0,977318883;1,162196517
51,7592;-4,5337;0,066298753;0,099957585
6,8961434;126,1480356;0;0
44,1800446;4,6911392;1,473132372;1,789468884
45,2072124;-0,1854455;0;0
45,7636655;2,5545921;0;0
50,8914384;6,6011694;0;0
54,1003583;-3,292829;;
50,859596;-3,4074409;0;0
52,4796569;0,9376037;0;0
52,1833838;-0,807251;0;0
50,9797604;-3,2501701;0;0
40,91846;17,02204;0;0
43,3283378;12,7231996;0;0
45,01227;8,64418;2,022308826;2,315061569
0;0;;
37,0839;21,6301;0;0
37,8842;21,256;0,437869191;0,99734211
37,9603;21,3437;0;0
37,9598;21,3475;0;0
43,30676;13,25897;0;0
34,7553;-83,5011;0;0
38,1311;21,4468;0,637869239;1,197342038
51,8708177;-0,4870675;0;0
41,52534866;13,97184277;0;0
46,0780309;3,42203;0,378330052;0,517502308
59,5072;13,3139;0;0
32,68844986;-114,4952164;0,447375804;0,616787255
51,1981507;12,9503889;0;0
43,0321841;2,8632972;0;0
42,0700872;14,6656634;0;0
-22,3166661;166,7579119;0;0
52,4623082;12,054241;0,040890753;0,267816186
48,4164516;14,0344174;1,228704214;1,646188736
43,0949723;-6,2584463;0;0
48,0586644;13,7839624;0;0
53,843593;-3,0064857;0;0
44,7593;-92,8249;0,495604157;0,764958382
44,3204;-93,9032;1,559679985;2,108361483
53,8433301;-2,9668396;0;0
35,8280795;138,301422;0;0
50,6308043;12,1070484;0;0
42,0286889;12,9780241;0;0
44,805904;10,0961506;0;0
47,8692902;-3,0637613;0,221102297;0,234501168
41,1694;-80,1055;0;0
44,0951745;5,9113281;0;0
42,41738;12,10485;0;0
52,4361311;11,4771032;0;0
43,32623;13,34952;0,073753372;0,109639511
45,1591523;8,7896984;0;0
18,3406976;-64,9045095;;
41,3252585;15,1788838;0;0
44,8314;8,7734;0;0
54,8273;-1,4272;0;0
44,0225342;23,328266;0;0
52,5235037;13,6824839;0;0
44,811518;8,782387;0;0
46,5955002;1,9570675;0;0
45,5964706;9,8883628;0;0
45,1409;-94,7697;0;0
44,2066;-92,6636;0;0
51,08140564;-3,283581018;0;0
48,8506495;4,5195473;0,541629612;0,799864173
53,7071695;10,444284;0;0
48,589372;2,9441376;0;0
43,33509445;-6,414815903;0;0
47,6113503;13,6269142;0;0
44,149303;12,1922522;0;0
51,5958932;12,186192;0;0
43,061657;10,670915;0;0
51,898762;11,0016331;0;0
52,0915481;-1,9648914;0,524499357;0,755241394
58,5371;15,0365;0;0
64,3333;25,85;0,500518739;0,8225981
61,1667;15,1333;0,175178617;0,251309961
52,1010556;-1,9251678;0,524499357;0,755241394
48,0803248;13,8578616;0;0
45,4013;-92,6937;0;0
45,0556;-93,9228;0,177291989;0,226518959
59,6553;12,5852;0,0675354;0,094271012
44,4493479;8,9015995;3,196084499;3,63838625
44,5215597;-0,1656053;0;0
47,5211176;9,7530126;0,628343344;0,905656993
18,2228262;-63,0638644;;
43,1058122;-5,6567307;0;0
64,2;29,5833;0,26435253;0,331506371
-21,854487;166,037235;0;0
48,3763325;-2,9784262;0;0
45,6099622;7,7434392;0,484714121;0,609210491
46,3450788;2,7598533;0;0
43,3084776;3,4487569;0,330408067;0,431057632
53,89913559;12,94852543;0,285869896;0,328458488
47,8770991;14,2147952;0;0
41,102377;-8,0143898;0,587377369;0,806826472
38,7834;-120,7785;0;0
59,7667;12,3167;0,0675354;0,094271012
51,39204407;11,30771923;0,00332357;0,145615712
51,4666731;13,8622896;0,234106421;0,29783231
44,8628041;8,4838106;1,191649199;1,412928104
42,662004;13,6982234;0;0
41,5324677;-8,6203194;0,587377369;0,806826472
45,6882583;7,8297515;0;0
41,5768709;-8,168575;0;0
53,5121186;13,9722711;0,239505365;0,284818053
43,1138382;-76,30158997;0,321811706;0,445059597
54,7616;-1,4151;0;0
54,8471;-1,6776;0;0
61,3167;16,4333;0,044842802;0,065859355
43,3273123;2,3706533;0;0
47,6276588;13,5259208;0;0
51,5023267;-3,275261;0;0
46,0463889;-0,752188;0;0
44,3316998;7,477437;0;0
40,8468;-121,9564;0,536644757;0,795979738
45,2178;-116,3158;0,152489901;0,204602063
42,391344;13,029169;0;0
42,3847367;13,016051;0;0
41,563934;15,117675;0;0
45,9653369;10,0770526;0;0
42,4281199;-71,529175;0;0
45,7855221;6,666104;0;0
45,2303823;6,2541751;0;0
52,5127552;11,1878053;0;0
48,0139865;13,7949256;0;0
40,9499215;15,1643103;0;0
41,57236481;-8,130641937;0;0
37,184397;-123,7951239;;
43,2597;-70,8597;0;0
46,4749923;0,0384068;0;0
44,9106;-72,9794;0,186594099;0,288785696
47,1770537;13,2226038;0;0
51,4072385;14,755192;0;0
45,9710701;9,647434;0;0
48,671872;13,0141554;0;0
7,6952685;123,131098;;
47,5928975;15,8505307;0;0
39,8856922;-7,2883837;0;0
43,28431;13,32968;0,073753372;0,109639511
44,11037064;4,851993084;0;0
39,57229996;-7,695958138;0,27391994;0,318956375
52,5698;0,1233;0,018871691;0,023418158
51,8410956;13,1384824;0;0
48,1891476;12,3453256;2,003314734;2,464776993
42,6582151;13,8872289;0;0
36,95003;14,53722;0;0
48,6903167;9,3119618;0;0
47,3894627;13,0906455;0;0
38,5173098;-8,9649671;1,641359568;2,46509409
47,7546173;13,8369565;0;0
43,32709;13,24751;0;0
45,872269;9,6435813;0;0
48,6886439;11,0072916;0,425019383;0,526572943
51,8795313;10,4974414;0;0
47,3171791;13,2976852;0;0
47,868271;14,199651;0;0
63,9;25,7833;0,020261906;0,023888562
49,5720301;10,0163475;0;0
43,7514519;11,586815;0;0
41,5946891;-106,2171007;0;0
37,5696717;-122,1849092;;
46,4892353;11,3296482;0,475601703;0,60559696
48,4551322;16,7146705;0;0
39,2889395;-7,4505053;0;0
48,1063108;2,6713925;0;0
45,9168654;4,7548814;0,471685588;0,626196265
43,193023;12,441129;0;0
40,9777584;-72,189522;0;0
44,2044434;8,2894033;0,073220655;0,088663489
35,3209569;-119,0887264;0;0
53,3156402;11,3621815;0;0
45,6848821;7,6556273;0,484714121;0,609210491
48,6333;14,2375;0;0
63,3667;23,4833;0,015826637;0,021767598
37,4701;23,4181;0;0
43,0761387;10,6730095;0;0
41,5110907;-8,0033238;0;0
48,8099968;12,864078;0,996806979;1,22233963
49,4309511;7,7650722;0;0
44,2974273;7,4611549;0;0
38,9773299;-8,1007621;1,641359568;2,46509409
41,6091215;-3,4041668;0,410650373;0,707387269
48,0243124;13,817779;0;0
44,1024688;5,5088513;0;0
48,5197021;13,4020718;0;0
47,7522103;13,4911725;0;0
47,0234296;1,8663264;0;0
46,1356034;5,1688825;0;0
43,1417287;0,4229569;0;0
44,0775334;5,3191949;0;0
43,2314353;13,1714626;0,021105371;0,026234055
46,0117739;9,663565;0;0
47,8308802;13,5417517;0;0
48,4002585;13,291183;0;0
37,2518048;-3,7568323;0,358837515;0,762069941
47,8148228;12,3996758;0;0
41,8052107;8,8334177;0;0
48,0496219;14,0071113;0;0
33,3081;-83,3896;0,533239067;0,905765593
34,041;-85,2233;0;0
32,8138;-85,1678;2,620219707;3,757264614
44,148127;6,8026774;0;0
44,962613;8,5171222;0;0
41,99577;14,99053;0,149232283;0,192344576
42,0700715;14,6656849;0;0
43,8401384;13,0035281;0,073753372;0,109639511
43,5834425;10,5287825;0;0
43,6897359;12,8024379;0,073753372;0,109639511
43,8026245;12,439432;0;0
42,3498588;11,6038204;0;0
43,8998441;12,8769852;0,073753372;0,109639511
48,0434357;13,9808495;0;0
42,7636689;13,7937944;0;0
44,5339228;4,363606;1,123680234;1,550292373
43,3502635;-5,130897;0;0
43,2321182;-5,5825822;0;0
44,8362949;11,5713406;0,33877483;0,490816951
40,0129388;18,1485894;0;0
40,2679664;18,0378202;0;0
44,2161368;12,0093;0;0
42,7542146;13,9418356;0,546973586;0,748734713
45,0474528;11,5832473;0,591269374;0,722941756
40,2876122;17,9896712;0;0
42,9188423;12,0897158;0;0
42,7451066;13,8791282;0;0
40,0524234;18,1192479;0;0
40,1738504;18,1634449;0;0
47,5758597;13,7617408;0;0
45,792734;13,0632035;0,118064754;0,148905128
47,33359909;13,29632759;0;0
51,4729686;11,9021621;0,369944781;0,49198103
46,6606267;9,1858126;0;0
40,1070078;18,1115614;0;0
44,9214181;-0,6275125;0,835908592;1,194686651
41,3730871;-8,4353296;0,587377369;0,806826472
40,7498476;-8,0023586;0;0
42,41763;12,34438;0;0
45,6074676;7,3490616;0;0
45,7330427;9,7464114;0;0
47,71838497;13,52644639;0;0
48,632972;-2,0824541;0,025738245;0,030283345
47,5526136;13,5098438;0;0
42,5832594;12,7682013;1,110166907;1,432329655
43,3121967;10,5172926;0,256779879;0,337213695
42,5210949;12,5210347;1,110166907;1,432329655
42,545775;12,524853;1,110166907;1,432329655
40,2074554;-8,4259624;0;0
44,8909444;11,397447;0,518774867;0,670816958
41,4212128;-8,724874;0,587377369;0,806826472
43,461677;3,3829397;0;0
38,2673076;-104,6258877;0,655320764;1,060423374
47,2349105;13,2215366;0;0
47,9961942;8,0650605;0;0
44,1983542;-72,5276845;0;0
44,39618521;-72,67649819;0;0
42,55391;12,67174;1,110166907;1,432329655
40,3630749;-7,643977;0;0
47,977279;14,2706287;0;0
46,7424;8,98652;0;0
46,9577083;-56,5330726;;
45,7699989;9,7831365;0;0
-20,9306955;167,2812575;0;0
46,584537;-81,3592968;0,137548268;0,196136951
47,9942864;13,7903063;0;0
47,9871465;13,8061626;0;0
44,1251672;4,0554228;0;0
45,98981;10,10041;0;0
48,6369804;13,8228821;0;0
43,970724;4,8438889;1,910928965;2,209467888
48,08336;14,3779;0;0
47,2481532;6,6725249;0;0
48,00237;13,60796;0;0
38,2799344;-104,6337146;0,655320764;1,060423374
45,99653;12,3;0;0
39,9999409;-105,1211913;0;0
40,2288202;-8,4513795;0;0,033486128
41,6895687;12,620215;0;0
40,5244516;-7,345044;0;0
41,9101776;12,4659587;1,110166907;1,432329655
43,3893218;3,4622674;0,330408067;0,431057632
48,2176068;14,1503549;0,684155405;1,153080463
45,99764;12,29631;0;0
48,6408919;9,6172406;0;0
43,4709669;3,4717148;0,330408067;0,431057632
43,3625077;3,4688688;0,330408067;0,431057632
45,5352576;4,2597594;0;0
48,7312011;0,5391368;0;0
53,4177771;-3,0240295;0,374026656;0,544215322
48,22105;14,23712;1,228704214;1,646188736
48,139502;14,2878241;0;0
47,8916462;14,2506463;0;0
48,2446769;14,2220926;1,228704214;1,646188736
48,2160691;14,1537279;0,684155405;1,153080463
48,1140474;13,9991906;0,684155405;1,153080463
43,1430019;6,0186609;0,192397028;0,264574528
47,2353573;13,1911749;0;0
48,0242946;13,743045;0;0
48,03825;13,99443;0;0
40,7470754;-8,0792978;0;0
48,1021539;13,1334053;0;0
48,00372;13,92292;0;0
48,1279876;13,9032342;0;0
48,2677863;14,2508356;1,228704214;1,646188736
40,7048171;-7,5952663;0;0
46,7427512;8,7729038;0;0
41,31077;-7,75884;0;0
37,9976026;-7,9514613;0;0
47,6909391;14,040899;0;0
44,212902;4,629672;1,473132372;1,789468884
40,6556486;-74,3217015;0;0
40,5688814;-74,6150818;0,71612978;0,899075449
48,2933365;14,288362;1,228704214;1,646188736
46,6404522;11,7099875;0;0
48,1703526;14,474762;0,940517962;1,512071729
48,0584471;14,0970949;0;0
48,5716651;13,9849569;0;0
47,99627;14,26008;0;0
48,2061074;14,3746358;0,405663848;0,688385963
42,817386;-73,985913;1,036418796;1,464383483
47,94567;14,35688;0,716950059;0,87151897
46,9696838;9,6917638;0;0
48,32362;14,18852;1,228704214;1,646188736
47,9736589;13,6008301;0;0
47,9532693;13,5847534;0;0
48,00206;13,48482;0;0
48,064372;12,7785308;1,238927841;1,535042286
48,3547889;14,4113137;0;0
46,3305236;9,9959558;0;0
47,639458;13,7544975;0;0
47,8418539;14,3916209;0;0
46,7654281;9,1693625;1,146898746;2,688161612
41,3929502;14,964639;0;0
42,4542121;-71,6458678;0;0
53,5439689;9,9410106;0,366942436;0,469986558
-21,1912669;163,5999;;
53,5790592;-0,0601363;0;0
41,8384154;-8,6140747;0;0
40,0547254;-2,1447205;0;0
47,045604;-56,330838;0,507095098;0,748962402
41,2484558;15,2464887;0;0
37,1718448;-3,0348941;0;0
41,8382351;-1,178048;1,117426872;1,499854565
43,7131165;7,3082798;0,59120369;0,830731273
40,5111587;-8,6979987;0;0