,wage,hours,IQ,KWW,educ,exper,tenure,age,married,black,south,urban,sibs,brthord,meduc,feduc,lwage
0,769,40,93.0,35.0,12.0,11.0,2.0,31,1,0,0.0,1,1,2,8,8,6.645091000000001
1,808,50,119.0,41.0,18.0,11.0,16.0,37,1,0,0.0,1,1,.,14,14,6.6945619999999995
2,825,40,108.0,46.0,14.0,11.0,9.0,33,1,0,0.0,1,1,2,14,14,6.715383999999999
3,650,40,96.0,32.0,12.0,13.0,7.0,32,1,0,0.0,1,4,3,12,12,6.476973
4,562,40,74.0,27.0,11.0,14.0,5.0,34,1,0,0.0,1,10,6,6,11,6.3315019999999995
5,1400,40,116.0,43.0,16.0,14.0,2.0,35,1,1,0.0,1,1,2,8,.,7.244227
6,600,40,91.0,24.0,10.0,13.0,0.0,30,0,0,0.0,1,1,2,8,8,6.39693
7,1081,40,114.0,50.0,18.0,8.0,14.0,38,1,0,0.0,1,2,3,8,.,6.9856419999999995
8,1154,45,111.0,37.0,15.0,13.0,1.0,36,1,0,0.0,0,2,3,14,5,7.05099
9,1000,40,95.0,44.0,12.0,16.0,16.0,36,1,0,0.0,1,1,1,12,11,6.907755
10,930,43,132.0,44.0,18.0,8.0,13.0,38,1,0,0.0,0,1,1,13,14,6.835185000000001
11,921,38,102.0,45.0,14.0,9.0,11.0,33,1,0,0.0,0,1,2,16,.,6.8254600000000005
12,900,45,125.0,40.0,15.0,4.0,3.0,30,0,0,0.0,0,2,.,12,12,6.802395
13,1318,38,119.0,24.0,16.0,7.0,2.0,28,1,0,0.0,1,3,1,10,10,7.183871000000001
14,1792,40,118.0,47.0,16.0,9.0,9.0,34,1,0,0.0,1,1,1,12,12,7.491086999999999
15,958,50,105.0,37.0,10.0,17.0,2.0,35,1,0,0.0,1,1,2,6,8,6.864847999999999
16,1360,45,109.0,39.0,15.0,6.0,9.0,36,1,0,0.0,1,3,3,12,10,7.21524
17,850,40,72.0,36.0,11.0,19.0,10.0,38,1,0,0.0,1,2,3,10,8,6.745236
18,830,44,105.0,29.0,14.0,4.0,7.0,29,1,0,0.0,1,3,1,12,.,6.721425999999999
19,471,44,101.0,34.0,12.0,13.0,7.0,31,1,0,0.0,1,3,2,8,.,6.154858
20,1275,40,123.0,37.0,14.0,9.0,1.0,31,1,0,0.0,1,0,1,12,.,7.150702000000001
21,1615,50,113.0,49.0,16.0,10.0,4.0,36,1,0,0.0,1,2,1,12,12,7.38709
22,873,65,95.0,36.0,12.0,14.0,3.0,38,1,0,0.0,1,5,1,10,10,6.771935000000001
23,2137,45,145.0,50.0,16.0,17.0,8.0,38,1,0,0.0,1,2,1,12,12,7.667158000000001
24,1053,38,114.0,35.0,16.0,12.0,7.0,32,1,0,0.0,1,0,1,11,11,6.959399
25,1602,60,124.0,32.0,16.0,8.0,9.0,29,1,0,0.0,1,3,1,16,16,7.379008
26,1188,40,93.0,40.0,13.0,16.0,5.0,35,1,0,0.0,1,2,1,12,8,7.080027
27,800,40,115.0,39.0,18.0,11.0,1.0,35,1,0,1.0,1,0,1,8,8,6.6846119999999996
28,1417,48,125.0,41.0,17.0,9.0,4.0,34,1,0,0.0,1,3,1,13,12,7.256297
29,635,40,128.0,35.0,18.0,8.0,13.0,36,0,0,0.0,1,2,1,16,16,6.453625
30,1000,40,103.0,40.0,12.0,17.0,2.0,34,1,0,0.0,1,1,1,8,.,6.907755
31,1424,50,98.0,41.0,14.0,15.0,4.0,35,1,0,0.0,1,1,1,12,12,7.261225
32,2668,75,108.0,41.0,13.0,12.0,2.0,32,1,0,1.0,1,1,2,12,12,7.8890839999999995
33,666,75,129.0,40.0,18.0,8.0,12.0,38,1,0,0.0,0,2,1,18,18,6.50129
34,1779,40,132.0,42.0,17.0,8.0,9.0,32,1,0,0.0,1,1,1,17,14,7.4838070000000005
35,782,40,92.0,24.0,13.0,9.0,10.0,31,1,0,0.0,1,3,3,8,.,6.661855
36,1572,35,108.0,39.0,14.0,7.0,5.0,28,1,1,0.0,1,1,.,12,8,7.360104
37,1274,40,106.0,35.0,13.0,11.0,12.0,31,1,0,0.0,1,0,1,15,12,7.149916999999999
38,714,35,105.0,37.0,16.0,9.0,2.0,29,1,0,0.0,1,1,2,13,12,6.570883
39,1081,40,123.0,46.0,18.0,11.0,7.0,36,1,0,0.0,0,1,1,12,12,6.9856419999999995
40,692,40,108.0,48.0,12.0,21.0,11.0,38,1,0,0.0,1,3,1,8,7,6.539586
41,1318,38,122.0,47.0,17.0,10.0,9.0,33,1,0,0.0,1,1,.,12,8,7.183871000000001
42,1239,45,109.0,44.0,12.0,16.0,4.0,38,1,0,0.0,1,3,3,12,.,7.12206
43,1027,27,100.0,40.0,13.0,12.0,15.0,38,1,0,0.0,1,3,3,10,9,6.934397
44,1748,55,125.0,50.0,18.0,12.0,12.0,34,1,0,0.0,1,1,2,14,15,7.466228
45,981,40,122.0,41.0,14.0,9.0,15.0,35,0,0,0.0,1,3,2,12,.,6.888572999999999
46,770,40,105.0,34.0,17.0,7.0,11.0,30,1,0,0.0,1,3,1,12,12,6.646389999999999
47,1154,50,94.0,37.0,16.0,11.0,5.0,33,1,0,0.0,1,1,.,12,12,7.05099
48,1155,40,102.0,36.0,12.0,16.0,5.0,34,1,0,0.0,1,1,2,12,.,7.051856
49,808,60,109.0,47.0,13.0,14.0,12.0,38,1,0,0.0,1,2,2,12,10,6.6945619999999995
50,1100,40,105.0,45.0,12.0,22.0,14.0,38,1,0,0.0,1,1,1,12,12,7.0030660000000005
51,1154,40,134.0,46.0,18.0,10.0,10.0,37,1,0,1.0,1,2,1,12,12,7.05099
52,1749,40,108.0,32.0,12.0,13.0,9.0,29,0,0,0.0,1,7,1,12,9,7.466799000000001
53,1000,50,104.0,36.0,16.0,11.0,8.0,30,1,0,0.0,1,1,1,12,11,6.907755
54,462,40,112.0,35.0,12.0,11.0,1.0,29,1,0,0.0,1,8,3,12,.,6.135565
55,769,55,120.0,49.0,18.0,8.0,12.0,32,0,0,0.0,1,1,1,11,8,6.645091000000001
56,875,50,124.0,40.0,16.0,9.0,3.0,31,0,0,0.0,0,2,2,17,16,6.774224
57,1375,40,103.0,34.0,12.0,12.0,7.0,29,1,0,0.0,1,4,2,12,10,7.226209
58,1452,45,115.0,45.0,17.0,1.0,7.0,30,1,0,0.0,1,3,1,12,14,7.280697
59,800,40,96.0,33.0,12.0,17.0,12.0,35,1,0,0.0,1,1,2,6,8,6.6846119999999996
60,1748,55,123.0,48.0,17.0,10.0,7.0,36,1,0,0.0,1,1,1,12,12,7.466228
61,1151,40,98.0,34.0,12.0,12.0,12.0,29,1,0,0.0,1,3,4,12,8,7.048387
62,840,50,96.0,34.0,12.0,18.0,13.0,35,1,0,0.0,1,2,1,12,8,6.733402000000001
63,978,45,89.0,47.0,12.0,17.0,2.0,38,1,0,0.0,1,0,1,12,.,6.885509
64,963,40,109.0,43.0,12.0,15.0,15.0,37,0,0,0.0,0,5,.,.,7,6.8700529999999995
65,619,42,93.0,20.0,12.0,10.0,10.0,28,0,0,0.0,1,8,.,9,11,6.428105
66,442,60,82.0,32.0,12.0,12.0,0.0,33,1,0,0.0,1,2,3,12,9,6.09131
67,600,40,120.0,45.0,15.0,12.0,1.0,38,1,0,0.0,0,3,4,12,.,6.39693
68,1366,38,122.0,38.0,12.0,15.0,15.0,32,1,0,0.0,1,1,2,12,.,7.2196419999999994
69,1643,48,117.0,48.0,18.0,8.0,2.0,33,1,0,0.0,1,2,2,12,18,7.404278999999999
70,1455,40,109.0,44.0,16.0,8.0,13.0,36,1,0,0.0,1,1,2,8,8,7.282761
71,2310,40,114.0,55.0,18.0,12.0,7.0,38,1,0,0.0,1,2,.,12,16,7.745003
72,1682,45,126.0,40.0,16.0,10.0,11.0,31,1,0,0.0,1,1,1,12,16,7.427739
73,1235,40,82.0,45.0,12.0,10.0,2.0,33,1,0,0.0,1,1,1,11,11,7.118825999999999
74,855,45,119.0,45.0,16.0,11.0,4.0,32,1,0,0.0,1,3,1,12,9,6.751100999999999
75,1072,42,104.0,37.0,16.0,6.0,8.0,35,1,0,0.0,1,2,2,12,6,6.977282000000001
76,1040,40,115.0,49.0,15.0,8.0,15.0,35,1,0,0.0,1,3,4,.,11,6.946975999999999
77,1000,50,97.0,45.0,12.0,17.0,15.0,36,1,0,0.0,1,1,2,12,12,6.907755
78,675,40,105.0,27.0,15.0,8.0,2.0,31,1,0,0.0,0,3,.,14,12,6.5147129999999995
79,1100,37,100.0,32.0,12.0,14.0,1.0,30,1,0,0.0,1,1,2,7,7,7.0030660000000005
80,996,50,114.0,41.0,12.0,5.0,14.0,31,1,0,0.0,1,2,1,12,10,6.903747
81,732,40,73.0,28.0,10.0,17.0,5.0,36,1,0,0.0,1,5,6,.,.,6.59578
82,1200,40,96.0,48.0,11.0,15.0,3.0,37,1,0,0.0,1,4,3,8,8,7.090077000000001
83,1694,30,113.0,30.0,15.0,9.0,8.0,29,0,0,0.0,1,3,1,12,16,7.434848
84,686,55,106.0,38.0,10.0,15.0,3.0,36,1,0,1.0,1,4,5,14,10,6.5308779999999995
85,754,40,104.0,37.0,13.0,9.0,5.0,32,1,0,0.0,1,1,2,8,.,6.625392
86,857,35,80.0,39.0,10.0,14.0,15.0,33,1,0,0.0,1,2,1,.,12,6.753438
87,832,50,104.0,30.0,13.0,4.0,2.0,30,1,0,0.0,1,1,2,12,8,6.723833
88,579,44,122.0,36.0,13.0,8.0,1.0,30,1,0,0.0,0,4,1,16,16,6.361301999999999
89,672,61,96.0,38.0,12.0,13.0,3.0,34,1,0,0.0,1,2,.,12,13,6.510258
90,2500,40,95.0,51.0,15.0,12.0,9.0,36,1,0,0.0,1,3,1,16,16,7.824046000000001
91,1076,45,105.0,24.0,12.0,5.0,8.0,31,0,0,0.0,1,1,1,16,17,6.981006
92,750,40,94.0,18.0,12.0,16.0,3.0,37,1,1,0.0,1,7,3,8,8,6.620073
93,1186,30,91.0,41.0,17.0,8.0,9.0,33,1,0,0.0,1,1,1,12,14,7.078341
94,833,48,96.0,37.0,16.0,9.0,7.0,31,1,0,0.0,1,4,4,12,14,6.725034
95,650,40,69.0,37.0,12.0,14.0,11.0,30,1,1,0.0,1,3,4,10,9,6.476973
96,1250,46,110.0,37.0,12.0,5.0,16.0,38,1,0,0.0,0,1,1,.,12,7.130899
97,1122,48,111.0,44.0,15.0,12.0,9.0,31,1,0,0.0,1,3,1,9,12,7.022867999999999
98,865,40,110.0,35.0,16.0,1.0,11.0,31,1,0,0.0,1,3,1,9,12,6.76273
99,808,40,97.0,37.0,16.0,10.0,7.0,29,1,0,0.0,1,3,3,9,12,6.6945619999999995
100,1299,60,125.0,44.0,18.0,6.0,12.0,35,0,0,0.0,1,1,2,8,8,7.16935
101,903,40,91.0,39.0,12.0,6.0,12.0,36,1,0,0.0,1,5,4,9,10,6.8057229999999995
102,900,40,86.0,28.0,12.0,17.0,15.0,37,1,0,0.0,1,5,3,8,10,6.802395
103,625,40,110.0,32.0,12.0,18.0,0.0,35,1,0,0.0,1,4,1,9,8,6.437752
104,1586,40,92.0,47.0,14.0,16.0,1.0,36,1,0,1.0,1,4,4,12,.,7.36897
105,962,40,85.0,41.0,10.0,15.0,16.0,38,1,0,0.0,1,1,2,9,12,6.869014
106,1539,45,120.0,36.0,17.0,7.0,8.0,34,1,0,0.0,1,1,1,8,8,7.338888000000001
107,1110,52,106.0,42.0,12.0,11.0,6.0,33,1,0,0.0,0,5,2,12,12,7.012115
108,1282,45,112.0,41.0,16.0,6.0,6.0,31,0,0,1.0,1,2,2,12,12,7.1561770000000005
109,770,48,91.0,39.0,12.0,13.0,2.0,38,1,0,0.0,1,1,2,10,8,6.646389999999999
110,1000,45,90.0,42.0,12.0,16.0,0.0,38,1,0,0.0,1,6,3,10,12,6.907755
111,895,40,86.0,39.0,9.0,17.0,16.0,38,1,1,0.0,0,2,.,.,12,6.796824000000001
112,1205,40,86.0,32.0,10.0,13.0,0.0,32,1,1,0.0,1,5,5,8,.,7.094235
113,750,40,113.0,27.0,12.0,11.0,10.0,29,1,0,0.0,0,1,.,12,12,6.620073
114,654,50,111.0,51.0,13.0,5.0,16.0,38,1,0,0.0,1,3,3,12,9,6.4831080000000005
115,601,48,111.0,30.0,12.0,15.0,3.0,33,1,0,0.0,1,0,1,12,12,6.398594999999999
116,600,40,106.0,32.0,13.0,10.0,11.0,28,1,0,0.0,1,6,.,8,7,6.39693
117,433,40,98.0,28.0,12.0,11.0,10.0,30,0,0,0.0,1,1,1,12,11,6.0707379999999995
118,1188,40,105.0,28.0,12.0,11.0,7.0,30,1,0,0.0,1,3,1,12,10,7.080027
119,635,40,105.0,29.0,12.0,15.0,15.0,33,1,0,0.0,0,2,2,10,.,6.453625
120,1225,40,118.0,44.0,13.0,9.0,14.0,32,1,0,0.0,1,0,1,12,9,7.110696000000001
121,1151,45,90.0,38.0,12.0,19.0,19.0,36,1,0,0.0,1,1,1,12,8,7.048387
122,865,40,95.0,34.0,12.0,15.0,11.0,32,0,0,0.0,1,3,1,9,8,6.76273
123,1031,40,112.0,24.0,14.0,9.0,5.0,29,1,0,0.0,1,4,2,12,12,6.9382839999999995
124,1049,55,120.0,39.0,12.0,9.0,11.0,32,1,0,0.0,1,3,2,12,10,6.9555929999999995
125,1000,45,123.0,41.0,12.0,12.0,1.0,29,1,0,0.0,1,3,3,12,10,6.907755
126,1105,40,103.0,32.0,13.0,10.0,11.0,30,1,0,0.0,1,1,1,16,15,7.007600999999999
127,1924,50,121.0,40.0,18.0,11.0,7.0,35,1,0,0.0,1,3,1,16,18,7.562161
128,1346,40,90.0,44.0,16.0,9.0,16.0,38,1,0,0.0,1,1,1,12,12,7.204892999999999
129,809,65,125.0,32.0,12.0,11.0,10.0,29,1,0,0.0,1,0,1,12,12,6.695799000000001
130,1495,45,109.0,34.0,18.0,10.0,3.0,32,1,0,0.0,1,3,1,9,8,7.309882000000001
131,1346,50,,,,,,33,0,0,,0,3,1,10,,
132,1200,40,97.0,35.0,12.0,10.0,4.0,31,1,0,0.0,1,3,1,12,12,7.090077000000001
133,500,40,96.0,35.0,12.0,6.0,0.0,33,1,0,1.0,1,4,4,12,12,6.214608
134,1325,45,97.0,44.0,12.0,12.0,5.0,28,1,0,0.0,1,1,2,12,8,7.189168
135,900,40,78.0,21.0,12.0,16.0,5.0,33,1,1,0.0,1,4,1,7,6,6.802395
136,800,40,112.0,39.0,12.0,15.0,3.0,34,1,0,0.0,1,6,4,7,.,6.6846119999999996
137,800,40,88.0,32.0,12.0,16.0,7.0,38,1,0,0.0,1,3,2,2,5,6.6846119999999996
138,1034,40,97.0,39.0,12.0,15.0,16.0,36,1,0,0.0,1,14,10,14,11,6.94119
139,980,40,101.0,41.0,12.0,4.0,12.0,36,1,0,0.0,1,1,.,6,9,6.887553
140,884,40,106.0,42.0,10.0,19.0,12.0,34,1,0,0.0,1,2,1,7,10,6.784457000000001
141,480,40,59.0,28.0,10.0,11.0,5.0,34,0,0,0.0,1,0,1,8,6,6.173786
142,923,40,105.0,54.0,18.0,7.0,14.0,34,1,0,0.0,1,1,1,12,12,6.827628999999999
143,513,45,119.0,30.0,17.0,8.0,5.0,31,0,0,0.0,1,1,1,12,8,6.240276000000001
144,1105,40,93.0,36.0,11.0,17.0,16.0,37,0,0,0.0,1,2,2,8,8,7.007600999999999
145,1193,50,82.0,38.0,12.0,19.0,10.0,36,1,0,1.0,1,0,1,12,.,7.084227
146,2771,50,134.0,45.0,18.0,6.0,7.0,34,1,0,0.0,1,4,3,16,16,7.926963000000001
147,779,40,84.0,29.0,12.0,9.0,6.0,30,1,0,0.0,1,0,1,8,12,6.658011
148,950,60,98.0,36.0,11.0,13.0,6.0,31,1,0,0.0,1,2,1,12,12,6.856462
149,1394,40,118.0,41.0,16.0,11.0,8.0,30,1,0,0.0,0,2,1,13,12,7.239933000000001
150,1495,45,113.0,50.0,17.0,13.0,9.0,33,1,0,0.0,1,3,3,12,8,7.309882000000001
151,650,40,100.0,18.0,12.0,4.0,3.0,28,1,0,0.0,1,6,2,9,11,6.476973
152,670,40,93.0,27.0,13.0,9.0,5.0,29,1,0,0.0,1,2,.,12,12,6.507276999999999
153,1126,40,119.0,30.0,16.0,5.0,8.0,32,1,0,0.0,1,1,1,12,10,7.026427
154,450,64,67.0,19.0,12.0,11.0,1.0,33,0,1,0.0,1,6,1,11,4,6.109248
155,1028,40,111.0,28.0,12.0,19.0,12.0,37,1,1,1.0,1,3,4,12,.,6.93537
156,2404,50,106.0,38.0,15.0,8.0,0.0,32,1,0,0.0,1,2,1,12,12,7.784889
157,1899,40,127.0,49.0,18.0,9.0,14.0,36,0,0,0.0,1,0,1,10,.,7.549083
158,757,40,113.0,35.0,16.0,10.0,9.0,33,1,0,0.0,1,2,1,12,12,6.629363000000001
159,1250,40,115.0,36.0,14.0,9.0,1.0,29,1,0,0.0,1,2,2,12,12,7.130899
160,1162,48,102.0,40.0,16.0,8.0,11.0,31,1,0,0.0,1,3,2,12,.,7.057898
161,1025,40,85.0,29.0,15.0,9.0,13.0,29,1,1,0.0,1,6,1,14,12,6.932448
162,1100,50,117.0,51.0,16.0,11.0,12.0,32,1,0,0.0,0,0,1,12,10,7.0030660000000005
163,714,35,125.0,34.0,16.0,7.0,5.0,28,1,0,0.0,1,4,1,10,10,6.570883
164,1318,35,118.0,47.0,16.0,16.0,17.0,37,1,0,0.0,0,1,1,8,12,7.183871000000001
165,1411,45,121.0,40.0,18.0,14.0,3.0,38,1,0,0.0,1,3,2,12,16,7.252053999999999
166,2162,40,115.0,51.0,17.0,4.0,4.0,38,1,0,0.0,1,1,1,12,12,7.678789
167,1273,55,120.0,44.0,14.0,11.0,16.0,36,1,0,0.0,0,1,1,12,.,7.149132000000001
168,1140,48,109.0,43.0,12.0,16.0,15.0,35,1,0,0.0,1,2,2,11,6,7.038784
169,578,40,109.0,28.0,13.0,7.0,4.0,30,0,0,0.0,1,1,.,12,11,6.359573999999999
170,942,40,85.0,36.0,12.0,7.0,10.0,38,1,0,0.0,1,4,5,.,.,6.848005000000001
171,1058,40,85.0,50.0,12.0,17.0,8.0,38,1,0,0.0,0,4,1,12,.,6.964136
172,750,40,106.0,32.0,14.0,9.0,9.0,29,1,0,0.0,1,1,2,11,10,6.620073
173,1000,60,101.0,30.0,12.0,11.0,6.0,30,1,0,0.0,1,3,1,10,10,6.907755
174,951,60,116.0,40.0,12.0,9.0,7.0,30,1,0,0.0,1,4,5,12,9,6.857514
175,635,47,91.0,24.0,12.0,13.0,2.0,31,1,0,0.0,1,2,2,7,7,6.453625
176,1250,40,91.0,28.0,12.0,13.0,1.0,34,1,0,0.0,1,3,1,11,5,7.130899
177,675,40,110.0,34.0,12.0,6.0,15.0,34,1,0,0.0,1,2,1,7,.,6.5147129999999995
178,400,40,75.0,33.0,12.0,11.0,6.0,32,1,0,0.0,1,4,.,7,12,5.991465
179,577,50,94.0,17.0,12.0,9.0,8.0,29,1,0,0.0,1,2,.,12,8,6.357842
180,590,40,109.0,27.0,13.0,10.0,7.0,29,1,0,0.0,0,2,2,12,12,6.380123
181,923,50,122.0,38.0,16.0,10.0,10.0,31,1,0,0.0,0,1,2,8,8,6.827628999999999
182,1250,50,102.0,26.0,12.0,6.0,2.0,32,0,0,0.0,1,4,2,11,8,7.130899
183,1100,40,122.0,38.0,14.0,11.0,8.0,33,1,0,0.0,1,2,3,8,10,7.0030660000000005
184,1130,50,105.0,38.0,12.0,18.0,2.0,37,1,0,0.0,1,4,2,10,10,7.029973
185,652,50,113.0,37.0,12.0,14.0,4.0,36,0,0,0.0,1,1,2,9,9,6.480044
186,618,42,104.0,34.0,12.0,6.0,2.0,30,1,0,0.0,1,3,2,8,12,6.426488
187,962,50,124.0,43.0,16.0,7.0,14.0,34,1,0,0.0,1,2,2,9,11,6.869014
188,529,40,110.0,31.0,13.0,14.0,11.0,32,1,0,0.0,0,1,1,12,8,6.270988
189,817,40,95.0,37.0,12.0,16.0,14.0,33,1,0,0.0,0,2,1,12,12,6.705639
190,962,40,120.0,39.0,16.0,8.0,9.0,32,1,0,0.0,0,0,1,18,.,6.869014
191,840,40,105.0,39.0,12.0,19.0,15.0,38,1,0,0.0,0,3,1,12,8,6.733402000000001
192,866,40,121.0,30.0,16.0,7.0,4.0,28,1,0,0.0,0,1,.,12,12,6.763885
193,2404,50,96.0,42.0,14.0,1.0,1.0,36,1,0,0.0,1,5,5,8,10,7.784889
194,1126,40,110.0,26.0,12.0,16.0,2.0,32,1,0,0.0,1,6,1,9,12,7.026427
195,1160,40,92.0,32.0,12.0,8.0,8.0,31,1,0,0.0,0,4,1,12,11,7.056175
196,723,40,98.0,34.0,12.0,15.0,5.0,38,1,0,0.0,1,1,1,9,.,6.583409
197,1778,40,109.0,43.0,16.0,14.0,13.0,36,1,0,0.0,1,0,1,11,12,7.483244
198,1903,48,118.0,44.0,18.0,13.0,5.0,36,1,0,0.0,0,0,1,11,11,7.551187
199,1010,40,97.0,42.0,18.0,7.0,14.0,34,1,0,0.0,1,4,5,14,.,6.917706
200,971,40,95.0,42.0,17.0,5.0,11.0,37,1,0,0.0,1,1,2,16,8,6.8783259999999995
201,525,40,99.0,40.0,12.0,9.0,2.0,34,1,0,0.0,1,2,1,10,8,6.2633980000000005
202,525,40,106.0,31.0,12.0,12.0,13.0,30,1,0,0.0,0,1,1,10,12,6.2633980000000005
203,670,45,117.0,33.0,12.0,10.0,3.0,30,1,0,0.0,0,5,2,12,.,6.507276999999999
204,500,45,90.0,47.0,12.0,19.0,4.0,37,1,0,0.0,0,0,1,12,6,6.214608
205,1058,45,98.0,45.0,14.0,14.0,15.0,34,1,0,0.0,0,2,3,.,.,6.964136
206,550,46,95.0,44.0,12.0,18.0,15.0,35,1,0,0.0,1,1,1,12,11,6.309918
207,500,45,115.0,43.0,12.0,14.0,1.0,32,1,0,0.0,1,1,2,12,11,6.214608
208,727,55,106.0,40.0,15.0,10.0,5.0,31,0,0,0.0,1,1,.,12,12,6.588926
209,865,40,114.0,26.0,12.0,6.0,8.0,30,1,0,0.0,0,2,3,8,8,6.76273
210,1081,40,92.0,34.0,13.0,8.0,2.0,30,1,0,1.0,1,3,4,12,10,6.9856419999999995
211,1304,45,119.0,36.0,17.0,9.0,9.0,31,1,0,0.0,0,1,1,13,12,7.173192
212,575,40,85.0,32.0,13.0,6.0,1.0,30,1,0,0.0,0,1,2,13,12,6.354369999999999
213,623,45,98.0,34.0,16.0,7.0,1.0,30,1,0,0.0,0,3,1,12,12,6.434546
214,515,45,114.0,30.0,13.0,8.0,10.0,28,1,0,0.0,0,3,2,12,12,6.244167
215,1273,55,84.0,42.0,18.0,14.0,4.0,37,1,0,0.0,1,1,1,8,12,7.149132000000001
216,990,40,108.0,42.0,13.0,13.0,9.0,33,1,0,0.0,0,4,1,16,16,6.897705
217,600,40,107.0,32.0,12.0,16.0,6.0,33,1,0,0.0,0,5,6,8,4,6.39693
218,1160,40,84.0,35.0,12.0,17.0,2.0,38,1,0,0.0,0,4,2,16,12,7.056175
219,500,55,86.0,22.0,12.0,11.0,9.0,29,1,0,0.0,0,5,5,10,12,6.214608
220,795,45,88.0,27.0,12.0,17.0,18.0,35,1,0,0.0,0,2,2,10,12,6.678342
221,500,50,97.0,34.0,11.0,20.0,3.0,37,1,0,0.0,0,2,1,.,.,6.214608
222,740,50,84.0,31.0,10.0,23.0,13.0,38,1,0,0.0,0,5,1,.,9,6.60665
223,1250,40,117.0,45.0,16.0,10.0,7.0,33,1,0,0.0,1,1,1,12,14,7.130899
224,1014,55,110.0,42.0,16.0,13.0,9.0,30,0,0,0.0,1,1,2,12,14,6.921658
225,1250,32,104.0,32.0,13.0,13.0,3.0,33,1,0,0.0,1,3,3,9,.,7.130899
226,913,40,110.0,26.0,14.0,4.0,13.0,29,1,0,0.0,1,3,4,9,.,6.816736
227,1346,40,99.0,33.0,16.0,9.0,8.0,30,1,0,0.0,1,2,.,11,12,7.204892999999999
228,445,40,80.0,31.0,10.0,19.0,0.0,38,1,0,0.0,0,5,5,.,.,6.0980739999999996
229,265,40,101.0,43.0,12.0,18.0,2.0,37,1,0,0.0,1,1,2,.,.,5.5797300000000005
230,1250,40,117.0,31.0,14.0,7.0,1.0,28,1,0,0.0,1,1,2,12,12,7.130899
231,1607,56,108.0,41.0,13.0,7.0,9.0,36,1,0,0.0,1,2,1,.,.,7.382124
232,1452,35,69.0,33.0,16.0,12.0,15.0,38,1,1,0.0,1,7,6,10,10,7.280697
233,1391,50,109.0,38.0,12.0,14.0,8.0,32,1,1,1.0,1,1,2,11,9,7.237778
234,821,45,85.0,39.0,16.0,8.0,2.0,32,1,0,0.0,1,5,6,8,8,6.710522999999999
235,794,40,114.0,36.0,16.0,9.0,7.0,29,1,0,0.0,1,1,2,11,9,6.6770830000000005
236,500,30,90.0,46.0,13.0,10.0,1.0,38,1,0,0.0,0,4,3,.,.,6.214608
237,520,50,107.0,30.0,18.0,6.0,3.0,29,1,0,0.0,0,10,1,12,14,6.2538290000000005
238,1730,50,117.0,41.0,18.0,12.0,12.0,37,1,0,0.0,1,1,2,12,8,7.455877
239,1924,50,112.0,47.0,18.0,9.0,10.0,38,1,0,0.0,1,6,1,16,18,7.562161
240,1155,60,106.0,46.0,18.0,10.0,2.0,37,1,0,0.0,1,3,3,14,18,7.051856
241,2162,40,116.0,38.0,15.0,9.0,4.0,31,1,0,0.0,1,2,1,12,17,7.678789
242,923,50,123.0,44.0,14.0,8.0,7.0,31,1,0,0.0,1,1,2,8,.,6.827628999999999
243,1115,40,118.0,40.0,16.0,12.0,13.0,33,1,0,0.0,1,1,1,8,.,7.016610000000001
244,449,36,91.0,20.0,12.0,7.0,2.0,30,0,0,0.0,1,1,.,.,.,6.107023000000001
245,1500,40,103.0,29.0,12.0,10.0,11.0,34,1,0,0.0,1,2,3,12,7,7.313221
246,826,40,114.0,40.0,14.0,20.0,3.0,37,1,0,0.0,1,4,4,8,6,6.716595
247,937,40,102.0,36.0,12.0,16.0,8.0,35,1,0,0.0,1,3,2,12,6,6.842683
248,978,48,104.0,36.0,12.0,19.0,15.0,36,1,0,0.0,1,5,6,6,.,6.885509
249,1031,40,112.0,43.0,14.0,14.0,12.0,33,0,0,0.0,1,6,6,14,12,6.9382839999999995
250,1272,40,107.0,39.0,12.0,10.0,1.0,30,1,0,0.0,1,4,3,12,12,7.148346000000001
251,1136,50,117.0,36.0,14.0,16.0,12.0,34,1,0,1.0,1,2,3,12,12,7.035269
252,800,45,,,,,,36,1,0,,1,7,8,.,,
253,1339,38,96.0,42.0,12.0,8.0,9.0,33,1,0,0.0,1,0,1,12,11,7.199678
254,1063,40,90.0,38.0,12.0,14.0,12.0,32,1,1,0.0,1,2,2,8,12,6.968851
255,935,44,97.0,27.0,12.0,10.0,6.0,29,1,0,0.0,1,2,2,8,7,6.840547
256,808,40,99.0,40.0,12.0,18.0,13.0,38,1,1,0.0,1,0,1,9,8,6.6945619999999995
257,375,40,99.0,29.0,10.0,12.0,2.0,30,1,0,1.0,0,3,2,8,5,5.926926
258,537,40,97.0,32.0,12.0,14.0,8.0,31,0,1,0.0,1,2,1,11,.,6.285998
259,1082,55,95.0,40.0,12.0,11.0,4.0,29,1,1,0.0,1,2,2,11,.,6.986567
260,930,40,126.0,44.0,14.0,10.0,1.0,31,0,0,0.0,1,3,.,8,.,6.835185000000001
261,1155,40,,,,,,38,1,0,,0,3,3,12,,
262,548,40,86.0,22.0,11.0,7.0,0.0,33,1,1,0.0,1,5,2,11,.,6.306275
263,622,45,119.0,48.0,16.0,12.0,1.0,33,1,0,0.0,1,0,1,12,12,6.43294
264,841,40,102.0,38.0,16.0,10.0,1.0,29,1,0,0.0,1,3,1,12,12,6.734591
265,769,55,105.0,45.0,18.0,7.0,15.0,38,0,0,0.0,1,2,3,9,5,6.645091000000001
266,587,38,117.0,40.0,17.0,8.0,5.0,29,1,0,0.0,0,3,3,12,.,6.375025
267,1924,45,112.0,40.0,16.0,17.0,18.0,38,1,0,0.0,1,1,1,12,12,7.562161
268,1058,40,89.0,28.0,12.0,7.0,3.0,29,1,0,0.0,1,2,.,8,6,6.964136
269,417,48,131.0,39.0,12.0,7.0,1.0,28,0,0,0.0,1,1,2,12,6,6.033086
270,1202,48,114.0,28.0,16.0,6.0,6.0,28,1,0,0.0,1,3,3,16,16,7.091742
271,1154,40,98.0,35.0,14.0,18.0,2.0,37,1,0,0.0,1,1,.,10,14,7.05099
272,1070,40,124.0,41.0,13.0,4.0,9.0,32,1,0,0.0,1,0,1,.,.,6.975414
273,1202,40,125.0,30.0,14.0,10.0,11.0,29,1,0,0.0,1,2,3,12,12,7.091742
274,711,45,100.0,38.0,18.0,13.0,3.0,36,1,0,0.0,1,1,.,10,16,6.5666720000000005
275,1202,40,84.0,21.0,14.0,6.0,5.0,31,1,1,0.0,1,2,1,11,9,7.091742
276,850,43,113.0,26.0,12.0,7.0,3.0,28,1,0,0.0,1,1,2,8,12,6.745236
277,1000,40,102.0,46.0,16.0,13.0,11.0,35,1,0,0.0,1,6,2,10,12,6.907755
278,490,49,82.0,33.0,18.0,7.0,8.0,31,0,0,0.0,1,2,.,12,9,6.194406
279,1000,40,112.0,47.0,14.0,15.0,4.0,35,1,0,0.0,1,4,1,12,10,6.907755
280,865,40,111.0,38.0,16.0,11.0,4.0,31,1,0,1.0,1,4,5,8,5,6.76273
281,1375,40,96.0,24.0,13.0,3.0,3.0,30,1,0,0.0,1,3,1,11,8,7.226209
282,1586,40,127.0,48.0,16.0,16.0,12.0,37,1,0,0.0,1,4,4,16,16,7.36897
283,1602,65,97.0,47.0,15.0,14.0,14.0,37,1,0,0.0,1,1,1,8,.,7.379008
284,3078,65,120.0,50.0,14.0,12.0,13.0,36,1,0,1.0,1,1,2,12,.,8.032035
285,898,40,101.0,41.0,16.0,7.0,9.0,35,0,0,0.0,1,3,4,16,14,6.80017
286,906,40,120.0,40.0,14.0,16.0,2.0,37,1,0,0.0,1,5,1,12,12,6.809039
287,952,40,99.0,34.0,13.0,10.0,10.0,31,1,1,0.0,1,1,1,8,10,6.858565
288,571,40,78.0,33.0,13.0,10.0,1.0,29,0,1,0.0,1,5,5,8,9,6.347389
289,445,45,110.0,23.0,12.0,15.0,13.0,32,0,0,0.0,1,2,2,5,11,6.0980739999999996
290,289,40,94.0,35.0,12.0,9.0,0.0,30,1,0,0.0,1,2,3,5,11,5.666427
291,1444,40,120.0,50.0,16.0,12.0,15.0,37,1,0,0.0,1,1,2,17,13,7.275172
292,962,55,108.0,45.0,12.0,19.0,21.0,36,1,0,0.0,1,3,1,8,8,6.869014
293,1075,40,,,,,,33,1,0,,1,13,3,11,,
294,909,55,97.0,39.0,11.0,17.0,5.0,35,1,0,0.0,1,7,3,.,.,6.812345
295,1250,40,106.0,36.0,12.0,14.0,19.0,35,1,0,0.0,1,4,1,11,13,7.130899
296,620,40,99.0,22.0,11.0,10.0,5.0,29,1,1,0.0,1,11,5,.,.,6.429719
297,1016,40,72.0,18.0,10.0,14.0,15.0,37,1,1,0.0,1,8,9,11,.,6.923628999999999
298,800,40,88.0,29.0,10.0,21.0,14.0,37,1,1,0.0,1,8,1,11,8,6.6846119999999996
299,1050,40,119.0,37.0,16.0,7.0,18.0,37,0,0,0.0,1,2,2,12,13,6.956544999999999
300,1079,50,87.0,33.0,12.0,18.0,9.0,36,1,0,0.0,1,5,5,8,.,6.983789999999999
301,654,50,121.0,49.0,17.0,12.0,13.0,34,1,0,0.0,1,1,2,11,12,6.4831080000000005
302,781,50,112.0,33.0,12.0,8.0,10.0,30,1,0,0.0,1,2,2,12,8,6.660575
303,1038,48,103.0,36.0,15.0,8.0,2.0,36,1,0,1.0,0,2,1,12,15,6.945050999999999
304,1924,50,99.0,48.0,16.0,16.0,14.0,37,1,0,0.0,1,0,1,16,18,7.562161
305,1202,40,101.0,40.0,15.0,15.0,17.0,37,1,0,0.0,1,3,2,12,12,7.091742
306,666,70,117.0,34.0,15.0,8.0,2.0,32,1,0,0.0,1,0,1,.,.,6.50129
307,905,45,109.0,41.0,14.0,11.0,14.0,36,1,0,0.0,1,3,4,8,8,6.8079350000000005
308,890,70,73.0,46.0,12.0,6.0,8.0,31,1,0,0.0,1,3,1,12,12,6.791222
309,817,40,116.0,27.0,16.0,10.0,7.0,31,1,0,1.0,0,1,2,16,16,6.705639
310,812,40,98.0,42.0,12.0,10.0,2.0,29,0,0,0.0,1,3,2,12,12,6.699501
311,577,60,104.0,43.0,14.0,6.0,2.0,30,1,0,1.0,1,2,3,14,12,6.357842
312,756,40,78.0,29.0,14.0,9.0,2.0,31,1,0,0.0,1,2,2,12,12,6.6280410000000005
313,1011,40,104.0,43.0,12.0,20.0,7.0,37,1,0,1.0,1,0,1,.,.,6.918695
314,1155,45,85.0,39.0,12.0,14.0,1.0,34,1,0,0.0,1,2,1,12,12,7.051856
315,1025,40,104.0,25.0,12.0,12.0,7.0,29,1,0,0.0,1,3,4,12,10,6.932448
316,1350,40,107.0,37.0,12.0,17.0,12.0,35,1,0,0.0,0,2,3,.,.,7.20786
317,1001,40,109.0,48.0,12.0,20.0,22.0,37,1,0,0.0,1,1,1,8,10,6.908755
318,796,48,119.0,31.0,13.0,16.0,15.0,37,1,1,0.0,1,7,1,11,.,6.6795990000000005
319,1230,50,96.0,33.0,13.0,11.0,12.0,30,1,0,0.0,1,3,2,10,11,7.114769
320,754,40,93.0,31.0,12.0,13.0,1.0,30,1,0,0.0,1,5,.,.,.,6.625392
321,714,40,90.0,32.0,12.0,17.0,1.0,37,1,0,0.0,0,5,3,12,12,6.570883
322,1000,45,103.0,29.0,15.0,8.0,3.0,32,1,0,0.0,1,3,4,12,.,6.907755
323,2067,40,106.0,41.0,16.0,12.0,13.0,33,1,0,1.0,1,2,1,14,12,7.633853
324,912,40,96.0,32.0,16.0,11.0,5.0,30,1,0,0.0,1,2,2,14,12,6.815639999999999
325,600,40,114.0,39.0,12.0,8.0,5.0,30,1,0,1.0,1,6,3,8,8,6.39693
326,951,40,86.0,33.0,11.0,13.0,1.0,31,1,0,0.0,1,3,4,9,.,6.857514
327,711,45,110.0,38.0,16.0,8.0,5.0,32,1,0,1.0,1,3,2,13,12,6.5666720000000005
328,1151,48,87.0,41.0,12.0,18.0,9.0,38,1,0,0.0,1,2,1,12,12,7.048387
329,1000,40,89.0,31.0,12.0,9.0,5.0,28,1,0,0.0,1,2,3,13,12,6.907755
330,841,44,106.0,40.0,12.0,15.0,10.0,31,1,0,0.0,1,5,6,8,.,6.734591
331,400,70,100.0,43.0,12.0,12.0,3.0,32,1,0,0.0,1,3,2,5,8,5.991465
332,1175,45,111.0,38.0,12.0,17.0,14.0,34,1,0,0.0,1,0,1,16,4,7.069024000000001
333,1202,40,100.0,40.0,12.0,18.0,2.0,37,1,0,0.0,1,0,1,12,12,7.091742
334,1442,40,114.0,38.0,12.0,16.0,17.0,33,1,0,0.0,1,2,3,12,10,7.273787
335,538,55,98.0,45.0,18.0,5.0,1.0,34,1,0,0.0,1,2,2,13,.,6.287858
336,781,40,89.0,24.0,11.0,13.0,10.0,30,1,0,0.0,1,3,1,9,8,6.660575
337,750,60,74.0,23.0,10.0,13.0,9.0,30,1,0,0.0,1,4,2,11,9,6.620073
338,841,48,110.0,37.0,18.0,13.0,1.0,37,0,1,0.0,1,1,1,12,12,6.734591
339,700,50,130.0,29.0,13.0,14.0,1.0,38,1,0,0.0,1,1,2,11,14,6.551080000000001
340,1346,50,108.0,51.0,16.0,9.0,4.0,36,1,0,0.0,1,1,2,12,10,7.204892999999999
341,800,45,98.0,31.0,12.0,16.0,12.0,33,1,0,0.0,0,3,4,10,8,6.6846119999999996
342,1250,40,125.0,27.0,16.0,9.0,10.0,30,1,0,0.0,1,3,1,16,.,7.130899
343,1105,40,104.0,29.0,16.0,5.0,8.0,29,1,0,0.0,1,3,1,12,12,7.007600999999999
344,475,52,98.0,33.0,14.0,12.0,1.0,30,0,0,0.0,1,6,1,8,10,6.163315
345,762,58,104.0,37.0,15.0,6.0,4.0,33,1,0,0.0,0,2,1,11,12,6.635947
346,962,40,120.0,33.0,12.0,18.0,19.0,36,1,0,0.0,1,3,.,8,8,6.869014
347,721,40,134.0,38.0,13.0,9.0,9.0,30,0,0,1.0,1,3,3,8,8,6.580639
348,800,50,92.0,28.0,9.0,18.0,13.0,34,1,0,0.0,1,0,1,8,8,6.6846119999999996
349,658,40,129.0,34.0,16.0,11.0,9.0,30,1,0,0.0,1,2,1,13,16,6.489205
350,1270,40,118.0,42.0,14.0,4.0,16.0,36,1,0,0.0,1,2,1,12,12,7.146772
351,1313,40,107.0,37.0,12.0,11.0,7.0,28,1,0,0.0,0,1,.,12,.,7.18007
352,824,42,92.0,37.0,12.0,19.0,15.0,38,1,0,0.0,1,1,1,12,11,6.714169999999999
353,1442,40,118.0,33.0,16.0,6.0,7.0,29,1,0,0.0,1,2,1,16,12,7.273787
354,1400,42,108.0,38.0,17.0,7.0,3.0,31,1,0,0.0,1,2,1,12,14,7.244227
355,1038,50,119.0,42.0,12.0,20.0,5.0,36,1,0,0.0,0,3,3,12,8,6.945050999999999
356,668,43,109.0,29.0,12.0,11.0,12.0,29,1,0,0.0,0,2,3,8,7,6.504288
357,1100,40,91.0,41.0,12.0,18.0,10.0,36,1,0,0.0,0,2,3,8,8,7.0030660000000005
358,1000,45,118.0,38.0,14.0,9.0,7.0,30,1,0,0.0,1,3,1,12,10,6.907755
359,523,43,119.0,37.0,13.0,9.0,2.0,30,1,0,0.0,0,4,1,14,.,6.259582
360,1111,40,103.0,33.0,14.0,13.0,13.0,31,1,0,0.0,0,6,3,14,12,7.013016
361,962,40,120.0,25.0,16.0,6.0,4.0,28,1,0,0.0,0,4,3,12,8,6.869014
362,729,47,122.0,40.0,18.0,6.0,13.0,34,1,0,0.0,1,3,3,8,6,6.591674
363,690,40,119.0,35.0,12.0,9.0,5.0,28,1,0,0.0,1,1,2,8,.,6.5366919999999995
364,1010,50,104.0,37.0,11.0,15.0,7.0,38,1,0,0.0,0,6,1,9,6,6.917706
365,600,40,96.0,22.0,11.0,7.0,2.0,29,1,0,1.0,1,4,3,8,8,6.39693
366,596,40,83.0,36.0,12.0,16.0,17.0,34,1,0,0.0,0,3,3,8,8,6.3902410000000005
367,850,44,115.0,37.0,12.0,11.0,1.0,29,1,0,0.0,1,3,2,.,.,6.745236
368,670,40,88.0,27.0,12.0,9.0,2.0,29,1,0,0.0,1,7,3,10,8,6.507276999999999
369,793,40,96.0,43.0,12.0,17.0,18.0,36,1,0,0.0,0,4,5,8,8,6.675822999999999
370,1442,40,123.0,42.0,17.0,14.0,7.0,38,1,0,1.0,0,2,3,12,6,7.273787
371,670,50,108.0,43.0,12.0,14.0,8.0,34,1,0,1.0,1,5,1,11,7,6.507276999999999
372,876,45,116.0,35.0,16.0,10.0,8.0,29,1,0,0.0,1,2,1,12,12,6.775366
373,841,40,109.0,45.0,18.0,13.0,2.0,36,1,0,0.0,0,3,4,16,12,6.734591
374,975,40,97.0,39.0,13.0,8.0,0.0,31,1,0,0.0,1,3,1,12,12,6.8824380000000005
375,1223,40,107.0,34.0,12.0,7.0,3.0,28,1,0,0.0,0,1,1,12,10,7.109062
376,910,30,95.0,27.0,12.0,16.0,5.0,35,1,0,1.0,1,2,3,12,14,6.813445
377,533,45,109.0,31.0,15.0,8.0,2.0,30,1,0,0.0,1,2,2,15,12,6.278522
378,750,40,104.0,36.0,12.0,15.0,11.0,33,1,0,0.0,0,0,1,12,12,6.620073
379,1206,40,110.0,37.0,12.0,16.0,4.0,38,1,0,0.0,1,1,1,12,12,7.095064
380,745,40,94.0,40.0,13.0,17.0,1.0,36,0,0,0.0,0,2,3,13,8,6.613384
381,900,40,103.0,38.0,12.0,15.0,1.0,37,1,0,1.0,0,3,3,8,6,6.802395
382,1170,47,123.0,45.0,14.0,9.0,14.0,32,1,0,0.0,1,3,4,8,12,7.064759
383,540,50,113.0,33.0,12.0,12.0,3.0,31,1,0,0.0,0,5,4,6,12,6.291569
384,550,40,110.0,35.0,16.0,15.0,1.0,38,1,0,0.0,0,2,1,.,.,6.309918
385,615,40,100.0,31.0,14.0,9.0,4.0,30,1,0,0.0,0,3,3,12,12,6.421622
386,909,40,95.0,39.0,13.0,6.0,2.0,31,1,0,0.0,1,2,1,12,12,6.812345
387,769,40,100.0,34.0,12.0,18.0,12.0,36,1,0,0.0,0,1,2,8,8,6.645091000000001
388,984,40,108.0,39.0,13.0,17.0,18.0,37,1,0,0.0,1,4,1,15,8,6.891626
389,833,60,101.0,47.0,12.0,15.0,12.0,37,1,0,0.0,1,5,2,12,.,6.725034
390,879,70,90.0,43.0,12.0,17.0,10.0,35,0,0,0.0,1,1,2,12,16,6.778785000000001
391,1027,45,115.0,41.0,12.0,16.0,7.0,35,1,0,0.0,1,4,3,8,5,6.934397
392,1000,55,114.0,41.0,16.0,10.0,1.0,33,1,0,1.0,0,0,1,.,.,6.907755
393,465,43,84.0,33.0,13.0,10.0,1.0,29,1,0,0.0,1,3,3,11,11,6.142037
394,1100,40,92.0,37.0,13.0,21.0,12.0,38,1,1,0.0,1,6,6,12,.,7.0030660000000005
395,641,45,125.0,44.0,14.0,9.0,0.0,37,1,0,0.0,1,1,1,12,11,6.463029
396,1035,48,107.0,42.0,12.0,21.0,14.0,38,1,0,0.0,1,1,2,11,8,6.942157000000001
397,1212,40,129.0,33.0,14.0,9.0,3.0,32,0,0,0.0,1,6,7,8,9,7.100027000000001
398,950,40,98.0,40.0,12.0,11.0,6.0,30,1,0,0.0,1,3,4,12,12,6.856462
399,938,44,108.0,41.0,12.0,19.0,20.0,38,1,0,0.0,1,0,1,8,.,6.84375
400,1250,40,114.0,37.0,16.0,8.0,8.0,30,1,0,0.0,1,5,3,2,8,7.130899
401,586,60,111.0,37.0,18.0,6.0,10.0,34,1,0,0.0,0,3,1,12,11,6.37332
402,693,53,101.0,29.0,12.0,7.0,6.0,28,1,0,0.0,0,1,2,12,12,6.54103
403,562,40,99.0,25.0,12.0,18.0,12.0,34,0,0,0.0,0,1,1,12,12,6.3315019999999995
404,375,60,75.0,24.0,12.0,12.0,5.0,30,0,0,0.0,0,4,1,12,8,5.926926
405,673,40,91.0,29.0,12.0,7.0,11.0,38,1,0,0.0,0,0,1,6,.,6.5117449999999995
406,654,50,113.0,38.0,17.0,1.0,13.0,33,1,0,0.0,0,1,1,12,10,6.4831080000000005
407,692,50,120.0,34.0,12.0,17.0,7.0,35,1,0,0.0,0,3,4,8,.,6.539586
408,1111,40,98.0,32.0,14.0,10.0,1.0,29,1,0,0.0,1,3,1,12,15,7.013016
409,1368,45,107.0,31.0,16.0,11.0,1.0,33,1,0,1.0,1,2,2,16,16,7.2211050000000006
410,1282,45,121.0,39.0,18.0,7.0,13.0,32,1,0,0.0,1,2,2,12,12,7.1561770000000005
411,1250,60,115.0,40.0,11.0,19.0,4.0,38,1,0,0.0,1,1,2,.,.,7.130899
412,1346,40,134.0,42.0,15.0,15.0,7.0,35,1,0,0.0,1,2,1,12,10,7.204892999999999
413,1424,50,96.0,47.0,17.0,15.0,12.0,37,1,0,0.0,1,2,3,.,.,7.261225
414,854,48,120.0,38.0,16.0,8.0,5.0,29,0,0,0.0,1,2,3,12,16,6.749931
415,888,50,105.0,36.0,15.0,9.0,5.0,32,0,0,0.0,1,2,2,12,10,6.788972
416,1161,50,121.0,40.0,12.0,5.0,10.0,34,1,0,0.0,1,5,6,10,.,7.057036999999999
417,583,58,113.0,29.0,16.0,9.0,0.0,30,1,0,0.0,1,2,2,12,9,6.368187
418,1260,45,106.0,37.0,12.0,5.0,3.0,29,1,0,0.0,1,2,1,12,13,7.138866999999999
419,947,48,104.0,41.0,18.0,8.0,13.0,35,1,0,0.0,0,3,2,9,12,6.853299000000001
420,1850,40,80.0,23.0,11.0,14.0,15.0,33,1,0,0.0,1,3,.,10,10,7.522941
421,1575,40,117.0,28.0,12.0,13.0,2.0,30,1,0,0.0,1,3,3,10,10,7.362010000000001
422,758,38,126.0,42.0,16.0,10.0,8.0,28,0,0,0.0,1,2,2,12,12,6.630683
423,1442,40,112.0,42.0,12.0,19.0,15.0,36,1,0,0.0,1,3,2,10,8,7.273787
424,489,55,104.0,47.0,13.0,20.0,4.0,38,1,0,1.0,1,2,2,.,.,6.192362
425,1126,40,116.0,33.0,12.0,5.0,0.0,31,1,1,0.0,1,9,5,9,10,7.026427
426,1000,40,70.0,18.0,12.0,12.0,5.0,32,0,1,0.0,1,6,.,8,8,6.907755
427,500,70,83.0,20.0,12.0,13.0,11.0,32,1,0,0.0,1,5,1,6,6,6.214608
428,1200,50,84.0,13.0,12.0,13.0,9.0,32,1,0,0.0,1,5,2,6,6,7.090077000000001
429,565,45,82.0,30.0,10.0,15.0,3.0,33,1,0,0.0,0,4,4,.,.,6.336826
430,1920,40,109.0,32.0,12.0,13.0,2.0,31,1,0,0.0,0,0,1,12,8,7.560080999999999
431,684,45,111.0,25.0,14.0,7.0,7.0,29,1,0,0.0,1,4,1,12,12,6.527958
432,774,40,94.0,33.0,12.0,20.0,4.0,37,1,0,0.0,0,1,1,12,7,6.651572
433,233,60,96.0,32.0,16.0,7.0,4.0,30,1,0,0.0,0,3,.,12,8,5.451038
434,975,40,101.0,33.0,13.0,12.0,10.0,30,1,0,0.0,0,3,3,12,13,6.8824380000000005
435,1366,40,90.0,35.0,12.0,13.0,1.0,30,1,0,0.0,1,3,3,12,12,7.2196419999999994
436,2137,40,120.0,48.0,16.0,16.0,3.0,37,1,0,1.0,1,3,3,12,12,7.667158000000001
437,700,40,120.0,38.0,16.0,10.0,1.0,29,1,0,1.0,1,1,1,12,12,6.551080000000001
438,1200,40,108.0,29.0,12.0,16.0,11.0,33,1,0,0.0,1,3,2,8,.,7.090077000000001
439,1161,40,99.0,43.0,13.0,16.0,18.0,36,1,0,0.0,1,0,1,12,8,7.057036999999999
440,729,60,80.0,31.0,11.0,16.0,15.0,34,1,0,0.0,1,6,1,12,6,6.591674
441,750,45,93.0,45.0,11.0,17.0,2.0,36,1,0,0.0,1,1,2,10,5,6.620073
442,1026,45,85.0,46.0,12.0,4.0,16.0,38,1,0,0.0,1,1,2,.,.,6.9334229999999994
443,1111,45,118.0,43.0,15.0,11.0,3.0,32,1,0,0.0,1,3,1,11,10,7.013016
444,625,50,115.0,31.0,12.0,12.0,8.0,31,1,0,0.0,1,2,3,12,.,6.437752
445,1200,42,119.0,28.0,16.0,11.0,5.0,30,1,0,0.0,1,5,1,10,11,7.090077000000001
446,1541,40,94.0,39.0,12.0,8.0,1.0,32,1,0,0.0,1,8,3,12,11,7.340186999999999
447,1154,40,109.0,42.0,16.0,12.0,9.0,34,1,0,0.0,1,0,1,13,16,7.05099
448,310,40,104.0,37.0,13.0,10.0,0.0,33,0,0,0.0,0,2,1,14,8,5.736572
449,610,50,89.0,21.0,12.0,14.0,4.0,30,1,0,0.0,0,1,2,7,6,6.413459
450,1749,43,101.0,28.0,12.0,16.0,17.0,36,1,0,0.0,0,2,2,12,8,7.466799000000001
451,1000,40,96.0,34.0,16.0,9.0,1.0,31,0,0,1.0,1,4,2,12,7,6.907755
452,350,40,109.0,48.0,12.0,14.0,1.0,36,1,0,0.0,0,1,1,9,7,5.857933
453,765,45,94.0,38.0,12.0,17.0,18.0,37,1,0,0.0,0,10,6,4,6,6.639875999999999
454,790,40,115.0,34.0,12.0,15.0,2.0,34,1,0,0.0,0,6,5,6,5,6.672033
455,818,47,92.0,41.0,12.0,16.0,17.0,38,1,0,0.0,0,12,1,8,4,6.706861999999999
456,477,60,71.0,32.0,9.0,12.0,1.0,30,1,0,0.0,0,4,2,11,5,6.167517
457,938,50,130.0,39.0,14.0,15.0,1.0,33,1,0,0.0,0,3,1,12,11,6.84375
458,2099,55,119.0,38.0,16.0,10.0,4.0,32,1,0,0.0,1,0,1,12,12,7.649216
459,350,40,74.0,24.0,12.0,14.0,3.0,32,1,0,0.0,1,4,2,10,13,5.857933
460,940,48,104.0,25.0,12.0,13.0,0.0,32,1,1,0.0,1,7,2,12,8,6.84588
461,1202,40,124.0,23.0,15.0,11.0,8.0,28,1,0,0.0,1,2,2,10,.,7.091742
462,450,40,94.0,29.0,15.0,9.0,4.0,31,1,0,0.0,0,1,1,12,.,6.109248
463,1058,40,120.0,44.0,16.0,16.0,13.0,37,1,0,0.0,0,5,4,12,4,6.964136
464,1000,40,96.0,40.0,11.0,15.0,15.0,37,1,0,0.0,1,5,5,8,9,6.907755
465,318,40,67.0,35.0,12.0,16.0,5.0,36,1,1,1.0,1,6,.,7,5,5.762052
466,556,40,69.0,26.0,11.0,13.0,9.0,34,0,1,0.0,1,3,.,8,8,6.320768
467,958,60,98.0,42.0,12.0,11.0,9.0,28,1,0,0.0,1,0,1,12,11,6.864847999999999
468,995,40,92.0,23.0,9.0,22.0,13.0,38,1,1,0.0,1,7,3,7,4,6.902742999999999
469,1600,50,109.0,44.0,14.0,16.0,5.0,33,1,0,0.0,0,2,.,9,10,7.377758999999999
470,606,45,100.0,39.0,18.0,6.0,5.0,30,0,0,0.0,0,1,.,12,12,6.40688
471,511,45,101.0,25.0,12.0,13.0,1.0,30,1,0,0.0,1,4,2,11,12,6.23637
472,1411,45,111.0,40.0,16.0,11.0,12.0,32,1,0,1.0,1,1,1,12,9,7.252053999999999
473,1346,40,106.0,38.0,16.0,15.0,11.0,37,1,0,0.0,1,1,1,8,14,7.204892999999999
474,1522,46,102.0,37.0,12.0,15.0,16.0,37,1,0,0.0,0,3,2,12,10,7.327781
475,1075,40,115.0,28.0,14.0,9.0,10.0,30,1,0,0.0,0,2,1,12,10,6.9800759999999995
476,1200,50,99.0,37.0,12.0,11.0,11.0,28,1,0,0.0,1,5,4,10,8,7.090077000000001
477,1377,37,118.0,48.0,16.0,15.0,1.0,36,1,0,0.0,1,2,2,11,10,7.227663000000001
478,874,55,132.0,37.0,13.0,8.0,2.0,33,1,0,0.0,0,2,1,13,16,6.77308
479,625,40,108.0,26.0,13.0,11.0,9.0,30,1,0,0.0,1,3,.,12,16,6.437752
480,1250,32,98.0,40.0,12.0,17.0,2.0,33,1,0,0.0,1,0,1,14,10,7.130899
481,1082,40,111.0,44.0,13.0,20.0,12.0,36,1,0,0.0,1,4,2,8,11,6.986567
482,693,40,79.0,36.0,11.0,18.0,3.0,38,1,0,0.0,0,3,2,8,8,6.54103
483,727,55,97.0,29.0,12.0,11.0,11.0,31,1,0,0.0,0,3,1,12,11,6.588926
484,615,50,99.0,49.0,15.0,16.0,15.0,38,1,0,0.0,0,2,3,12,14,6.421622
485,913,40,101.0,33.0,16.0,5.0,7.0,31,1,0,0.0,1,2,3,12,.,6.816736
486,884,46,120.0,45.0,17.0,4.0,10.0,36,1,0,0.0,0,2,1,12,18,6.784457000000001
487,698,43,97.0,33.0,12.0,10.0,4.0,29,1,0,0.0,1,2,3,8,8,6.5482190000000005
488,800,55,106.0,34.0,12.0,17.0,18.0,36,1,0,0.0,0,3,3,8,12,6.6846119999999996
489,812,40,131.0,44.0,16.0,9.0,3.0,30,0,0,0.0,0,1,1,12,12,6.699501
490,1000,40,93.0,32.0,11.0,16.0,14.0,34,1,0,0.0,1,1,.,12,8,6.907755
491,549,49,79.0,23.0,12.0,11.0,3.0,32,0,0,0.0,0,4,2,8,8,6.308098
492,1300,35,100.0,38.0,12.0,13.0,15.0,31,1,0,0.0,1,4,2,11,.,7.17012
493,923,50,107.0,30.0,16.0,9.0,8.0,33,1,0,0.0,1,6,4,9,8,6.827628999999999
494,1539,40,112.0,42.0,12.0,15.0,15.0,32,1,0,0.0,0,3,1,.,10,7.338888000000001
495,721,40,105.0,22.0,12.0,11.0,9.0,30,1,0,0.0,0,3,2,12,10,6.580639
496,815,40,114.0,25.0,12.0,15.0,14.0,31,1,0,0.0,0,2,1,12,10,6.703188000000001
497,600,80,116.0,36.0,12.0,20.0,2.0,38,1,0,0.0,0,10,10,8,.,6.39693
498,1100,40,104.0,41.0,12.0,18.0,7.0,37,1,0,0.0,1,2,3,11,13,7.0030660000000005
499,1058,40,85.0,48.0,12.0,18.0,19.0,35,1,0,0.0,1,2,1,9,12,6.964136
500,962,40,93.0,46.0,12.0,15.0,1.0,30,1,0,0.0,1,2,2,9,12,6.869014
501,433,50,100.0,40.0,12.0,5.0,9.0,37,1,0,0.0,0,2,2,8,7,6.0707379999999995
502,940,40,71.0,20.0,11.0,9.0,2.0,29,1,0,0.0,0,2,3,.,.,6.84588
503,1417,38,,,,,,32,0,0,,1,2,1,12,,
504,1000,65,93.0,32.0,12.0,11.0,9.0,29,1,0,0.0,1,7,1,12,8,6.907755
505,500,40,98.0,26.0,13.0,14.0,5.0,32,1,0,0.0,0,3,4,12,8,6.214608
506,800,50,110.0,35.0,14.0,8.0,5.0,28,1,0,0.0,1,3,4,12,10,6.6846119999999996
507,766,40,109.0,31.0,12.0,17.0,18.0,35,1,0,0.0,0,4,3,.,6,6.641182000000001
508,750,43,94.0,38.0,14.0,12.0,10.0,33,1,0,0.0,0,1,1,11,12,6.620073
509,550,40,77.0,36.0,12.0,15.0,2.0,37,1,0,0.0,0,6,3,8,8,6.309918
510,795,52,89.0,35.0,11.0,16.0,4.0,34,1,0,0.0,1,6,1,.,.,6.678342
511,723,40,102.0,44.0,12.0,12.0,10.0,30,1,0,0.0,1,10,6,12,6,6.583409
512,1039,40,,,,,,34,1,0,,1,1,2,16,,
513,200,55,103.0,38.0,10.0,11.0,15.0,32,1,0,1.0,1,3,2,12,5,5.298317
514,400,40,90.0,36.0,10.0,12.0,1.0,32,1,1,0.0,1,5,3,8,.,5.991465
515,575,40,96.0,31.0,11.0,17.0,1.0,35,1,0,1.0,1,2,1,12,7,6.354369999999999
516,850,40,97.0,35.0,11.0,16.0,5.0,37,1,0,1.0,1,1,1,12,6,6.745236
517,508,50,87.0,35.0,12.0,16.0,1.0,32,1,1,1.0,1,2,1,10,.,6.230482
518,1162,45,89.0,39.0,12.0,11.0,4.0,37,1,0,1.0,1,3,3,15,.,7.057898
519,1199,43,70.0,28.0,13.0,13.0,5.0,30,1,1,1.0,1,3,1,8,.,7.089243
520,1270,40,104.0,34.0,16.0,8.0,4.0,31,1,0,1.0,1,3,4,16,17,7.146772
521,350,45,116.0,36.0,16.0,5.0,3.0,33,1,0,1.0,1,2,2,11,12,5.857933
522,963,40,85.0,32.0,14.0,9.0,9.0,28,1,1,1.0,1,5,1,7,.,6.8700529999999995
523,1463,45,104.0,47.0,15.0,14.0,11.0,37,1,0,1.0,1,3,4,12,12,7.288244000000001
524,802,40,99.0,26.0,12.0,13.0,12.0,29,1,1,1.0,1,8,6,9,12,6.6871089999999995
525,642,45,93.0,18.0,12.0,12.0,7.0,30,1,1,1.0,1,1,2,6,6,6.464588
526,751,40,114.0,37.0,13.0,9.0,2.0,28,1,0,1.0,1,2,2,12,10,6.6214059999999995
527,488,40,103.0,40.0,17.0,5.0,3.0,31,1,0,1.0,1,1,.,12,16,6.190315
528,1400,40,92.0,34.0,12.0,15.0,5.0,36,1,0,1.0,1,2,1,6,2,7.244227
529,940,45,98.0,41.0,18.0,10.0,7.0,31,1,0,1.0,1,2,2,8,12,6.84588
530,866,40,114.0,48.0,13.0,15.0,16.0,37,1,0,1.0,1,3,1,12,.,6.763885
531,675,40,77.0,42.0,12.0,20.0,4.0,38,1,1,1.0,1,5,2,12,6,6.5147129999999995
532,375,40,89.0,24.0,14.0,9.0,3.0,30,1,1,1.0,1,3,1,13,.,5.926926
533,325,40,93.0,44.0,14.0,10.0,1.0,33,1,1,1.0,1,1,.,16,.,5.783825
534,346,40,110.0,37.0,12.0,16.0,17.0,38,1,0,1.0,1,2,.,12,5,5.846439
535,1442,40,132.0,39.0,17.0,8.0,1.0,33,1,0,1.0,1,3,1,8,12,7.273787
536,560,49,112.0,37.0,16.0,13.0,2.0,32,1,0,1.0,0,3,1,8,2,6.327937
537,550,56,99.0,42.0,12.0,17.0,11.0,36,1,0,1.0,1,1,2,12,12,6.309918
538,950,44,96.0,26.0,16.0,8.0,10.0,32,1,1,1.0,1,1,2,10,.,6.856462
539,684,45,106.0,45.0,13.0,16.0,2.0,38,1,0,1.0,1,1,1,12,14,6.527958
540,1322,40,128.0,43.0,16.0,7.0,1.0,33,1,0,1.0,1,0,1,18,.,7.186901
541,1634,40,95.0,48.0,12.0,18.0,3.0,38,1,0,1.0,1,3,3,.,3,7.398786
542,417,40,80.0,30.0,12.0,8.0,0.0,30,0,0,1.0,1,3,4,8,7,6.033086
543,472,45,71.0,24.0,11.0,9.0,0.0,32,1,0,1.0,1,13,6,6,6,6.156979
544,666,50,89.0,28.0,12.0,16.0,1.0,34,1,1,1.0,1,6,1,9,.,6.50129
545,1679,55,127.0,45.0,18.0,10.0,3.0,32,1,0,1.0,1,1,2,12,16,7.425953999999999
546,1039,40,114.0,43.0,16.0,1.0,9.0,31,0,0,1.0,1,6,5,8,8,6.946014
547,1250,40,102.0,30.0,13.0,13.0,11.0,30,1,0,1.0,1,5,6,7,.,7.130899
548,760,40,88.0,34.0,12.0,12.0,15.0,31,1,0,1.0,1,2,1,12,7,6.633317999999999
549,1154,42,88.0,32.0,12.0,14.0,12.0,29,1,0,1.0,1,2,2,12,7,7.05099
550,1602,60,110.0,45.0,15.0,14.0,1.0,37,1,0,0.0,1,5,1,14,12,7.379008
551,1442,40,110.0,40.0,13.0,13.0,13.0,29,1,1,1.0,1,1,2,7,9,7.273787
552,865,40,130.0,39.0,16.0,5.0,3.0,30,1,0,0.0,1,4,2,8,12,6.76273
553,705,50,100.0,44.0,12.0,15.0,12.0,36,1,0,1.0,1,1,2,.,.,6.558198
554,1000,40,101.0,36.0,12.0,16.0,1.0,35,1,0,1.0,1,1,1,12,.,6.907755
555,852,44,89.0,36.0,10.0,13.0,9.0,32,1,0,1.0,1,6,7,9,.,6.747586999999999
556,770,40,80.0,25.0,12.0,16.0,14.0,35,1,0,0.0,1,1,2,12,12,6.646389999999999
557,1000,40,72.0,20.0,12.0,16.0,9.0,34,1,0,0.0,1,3,4,12,12,6.907755
558,1329,55,115.0,56.0,18.0,10.0,5.0,36,1,0,0.0,1,1,1,12,12,7.192182000000001
559,1682,40,115.0,48.0,16.0,10.0,4.0,37,1,0,1.0,1,1,2,12,17,7.427739
560,577,55,108.0,47.0,16.0,4.0,0.0,31,1,1,1.0,1,2,2,8,8,6.357842
561,685,40,93.0,27.0,12.0,17.0,7.0,38,0,0,1.0,1,6,6,8,3,6.529419
562,577,40,111.0,37.0,16.0,8.0,8.0,29,0,1,1.0,1,1,1,18,18,6.357842
563,1040,40,101.0,38.0,12.0,19.0,9.0,38,1,1,1.0,1,6,1,11,12,6.946975999999999
564,1250,40,92.0,42.0,16.0,10.0,11.0,32,0,0,1.0,1,1,1,12,10,7.130899
565,600,40,115.0,40.0,13.0,7.0,7.0,28,0,0,1.0,1,4,5,5,.,6.39693
566,480,40,76.0,29.0,12.0,17.0,3.0,35,0,1,1.0,1,8,5,11,10,6.173786
567,1000,40,93.0,26.0,11.0,11.0,0.0,29,1,0,1.0,1,5,3,12,12,6.907755
568,988,48,91.0,39.0,12.0,15.0,15.0,36,1,0,1.0,1,1,2,8,8,6.895683
569,478,45,90.0,35.0,10.0,19.0,10.0,34,1,0,1.0,1,2,1,9,9,6.169611
570,440,40,84.0,23.0,12.0,11.0,2.0,30,1,1,1.0,1,5,3,9,4,6.086775
571,485,40,120.0,43.0,12.0,11.0,1.0,30,1,1,1.0,1,6,6,.,.,6.184149
572,705,40,89.0,32.0,9.0,19.0,0.0,36,1,1,1.0,1,0,1,.,.,6.558198
573,1550,40,104.0,47.0,12.0,16.0,1.0,34,1,0,1.0,0,8,4,9,10,7.346010000000001
574,960,40,107.0,23.0,12.0,11.0,9.0,29,1,1,1.0,1,11,2,6,9,6.866933
575,1000,40,100.0,42.0,12.0,16.0,14.0,32,1,0,1.0,1,2,3,12,12,6.907755
576,625,40,129.0,40.0,18.0,4.0,5.0,36,1,0,1.0,0,3,1,15,15,6.437752
577,1346,40,112.0,39.0,16.0,14.0,14.0,35,1,0,0.0,1,0,1,12,16,7.204892999999999
578,961,40,76.0,17.0,12.0,13.0,13.0,31,0,1,0.0,1,13,5,.,8,6.867974
579,479,40,97.0,45.0,12.0,15.0,1.0,38,1,0,1.0,0,3,4,.,.,6.1717
580,1201,50,98.0,38.0,11.0,17.0,16.0,36,1,0,1.0,0,4,5,11,2,7.090910000000001
581,1346,45,60.0,34.0,16.0,8.0,2.0,31,1,0,1.0,1,2,3,.,.,7.204892999999999
582,1122,35,132.0,45.0,18.0,13.0,8.0,32,1,0,1.0,1,2,3,12,7,7.022867999999999
583,543,45,90.0,31.0,14.0,5.0,7.0,38,1,1,1.0,1,1,2,6,.,6.297109
584,450,40,63.0,26.0,11.0,12.0,4.0,31,1,1,1.0,1,7,2,7,.,6.109248
585,507,55,110.0,36.0,14.0,10.0,4.0,32,1,0,1.0,1,2,2,13,16,6.228511
586,547,60,88.0,38.0,11.0,17.0,5.0,34,1,0,1.0,1,4,5,.,.,6.304449
587,586,56,98.0,41.0,11.0,18.0,16.0,35,1,0,1.0,1,2,2,.,6,6.37332
588,462,55,61.0,24.0,12.0,6.0,4.0,29,1,1,1.0,0,9,.,8,3,6.135565
589,705,40,76.0,32.0,12.0,13.0,8.0,37,1,1,0.0,1,5,.,.,.,6.558198
590,1566,40,127.0,44.0,12.0,7.0,1.0,29,1,0,0.0,1,3,2,11,.,7.35628
591,1634,40,94.0,39.0,13.0,18.0,18.0,36,1,0,1.0,1,2,2,8,8,7.398786
592,1282,45,97.0,48.0,16.0,4.0,1.0,32,1,0,0.0,1,11,3,16,16,7.1561770000000005
593,556,40,127.0,44.0,16.0,6.0,2.0,31,1,1,1.0,1,2,1,12,12,6.320768
594,1200,40,109.0,42.0,15.0,7.0,8.0,33,1,0,0.0,1,2,1,11,12,7.090077000000001
595,855,45,89.0,21.0,12.0,6.0,6.0,31,1,0,1.0,0,4,3,3,3,6.751100999999999
596,1053,40,90.0,33.0,12.0,18.0,7.0,37,1,0,1.0,0,1,1,11,11,6.959399
597,1000,48,105.0,39.0,12.0,11.0,4.0,28,1,0,1.0,0,0,1,12,7,6.907755
598,900,55,100.0,27.0,12.0,18.0,5.0,34,0,0,0.0,1,2,2,8,.,6.802395
599,1602,45,111.0,40.0,16.0,10.0,10.0,31,1,0,1.0,0,1,.,16,12,7.379008
600,508,50,125.0,44.0,17.0,9.0,2.0,31,1,0,1.0,1,3,1,16,13,6.230482
601,1500,60,124.0,20.0,16.0,6.0,6.0,29,1,0,1.0,0,2,.,12,10,7.313221
602,1682,50,107.0,41.0,14.0,15.0,9.0,32,1,0,1.0,1,0,1,12,12,7.427739
603,750,40,110.0,45.0,13.0,13.0,1.0,35,1,0,1.0,1,2,.,12,16,6.620073
604,843,40,102.0,32.0,14.0,8.0,7.0,29,1,0,1.0,0,1,1,16,16,6.736967
605,409,40,93.0,26.0,12.0,17.0,18.0,38,0,0,1.0,0,0,1,.,.,6.013715
606,1004,40,81.0,36.0,12.0,17.0,15.0,34,1,0,1.0,0,1,1,12,.,6.911747
607,650,40,99.0,36.0,12.0,13.0,10.0,30,1,0,1.0,0,1,2,12,10,6.476973
608,808,40,93.0,26.0,12.0,17.0,9.0,37,1,1,1.0,0,4,1,.,.,6.6945619999999995
609,2137,45,102.0,35.0,13.0,8.0,2.0,30,1,0,1.0,0,0,1,12,12,7.667158000000001
610,761,48,95.0,44.0,12.0,14.0,21.0,38,1,0,1.0,1,1,1,12,5,6.634633999999999
611,769,40,98.0,37.0,16.0,8.0,3.0,35,0,0,1.0,1,0,1,11,8,6.645091000000001
612,345,40,84.0,28.0,12.0,7.0,8.0,31,1,1,1.0,1,2,2,.,.,5.8435440000000005
613,495,40,88.0,30.0,12.0,6.0,10.0,31,1,0,1.0,1,2,1,.,7,6.2045580000000005
614,987,38,109.0,41.0,16.0,9.0,3.0,31,1,0,1.0,1,3,4,4,.,6.89467
615,2500,60,82.0,41.0,12.0,21.0,1.0,38,1,0,1.0,0,3,3,8,5,7.824046000000001
616,1098,45,105.0,22.0,14.0,6.0,1.0,32,0,0,1.0,1,1,2,12,.,7.001245
617,1212,40,95.0,36.0,12.0,6.0,16.0,38,1,0,1.0,0,3,1,12,8,7.100027000000001
618,577,40,92.0,33.0,15.0,8.0,1.0,28,1,1,1.0,1,1,2,10,7,6.357842
619,390,59,74.0,26.0,15.0,10.0,3.0,30,1,1,1.0,1,3,3,7,6,5.966147
620,1500,40,123.0,43.0,16.0,9.0,12.0,32,1,0,1.0,1,1,1,12,14,7.313221
621,583,80,86.0,24.0,12.0,9.0,1.0,30,1,0,1.0,1,2,2,12,12,6.368187
622,460,40,92.0,22.0,11.0,16.0,1.0,36,1,0,1.0,1,5,6,.,.,6.131227
623,945,40,87.0,41.0,12.0,12.0,13.0,38,1,0,1.0,1,2,2,8,.,6.851185000000001
624,1442,60,117.0,39.0,16.0,9.0,3.0,31,1,0,1.0,1,1,2,12,10,7.273787
625,1333,45,,,,,,38,1,0,,1,1,2,12,,
626,1500,37,119.0,41.0,15.0,8.0,5.0,33,0,0,0.0,1,1,1,12,18,7.313221
627,1333,45,103.0,30.0,16.0,7.0,1.0,34,1,0,0.0,1,3,1,.,.,7.195187
628,700,40,74.0,29.0,12.0,16.0,4.0,36,1,1,1.0,1,3,.,9,.,6.551080000000001
629,973,36,81.0,33.0,13.0,11.0,5.0,32,1,0,1.0,1,0,1,6,9,6.880383999999999
630,2162,40,124.0,48.0,18.0,10.0,8.0,32,1,0,1.0,1,1,1,10,10,7.678789
631,797,41,89.0,38.0,12.0,10.0,7.0,36,1,0,1.0,0,1,2,7,8,6.680855
632,400,40,88.0,34.0,12.0,14.0,1.0,32,1,1,1.0,1,7,7,7,6,5.991465
633,1015,40,67.0,31.0,12.0,15.0,11.0,32,1,1,0.0,1,3,2,9,5,6.922644
634,1744,43,106.0,41.0,16.0,8.0,9.0,29,1,0,1.0,1,1,1,12,16,7.463937
635,630,40,103.0,30.0,15.0,14.0,2.0,32,1,0,1.0,0,0,1,11,5,6.44572
636,445,40,91.0,40.0,12.0,11.0,4.0,32,1,0,1.0,0,0,1,6,8,6.0980739999999996
637,660,42,101.0,34.0,16.0,12.0,9.0,31,1,0,1.0,1,0,1,12,12,6.49224
638,779,40,85.0,30.0,12.0,14.0,7.0,37,1,1,1.0,1,7,4,12,.,6.658011
639,377,40,83.0,32.0,12.0,9.0,1.0,36,0,0,1.0,1,1,1,12,12,5.932245
640,560,44,70.0,34.0,12.0,16.0,11.0,35,1,1,1.0,1,2,1,8,.,6.327937
641,1122,60,102.0,54.0,17.0,7.0,13.0,32,1,0,1.0,1,2,2,12,11,7.022867999999999
642,453,50,94.0,34.0,12.0,9.0,2.0,30,1,0,1.0,0,6,4,7,7,6.115892
643,1386,40,97.0,38.0,10.0,17.0,9.0,37,1,0,1.0,1,1,2,12,8,7.234177000000001
644,1539,40,115.0,38.0,17.0,7.0,9.0,31,1,0,1.0,1,2,1,12,16,7.338888000000001
645,1154,40,117.0,38.0,16.0,11.0,12.0,35,1,0,1.0,1,5,5,17,18,7.05099
646,962,50,105.0,45.0,14.0,15.0,2.0,37,1,0,1.0,1,3,4,8,4,6.869014
647,722,55,113.0,36.0,16.0,8.0,1.0,38,0,0,1.0,1,1,2,8,.,6.582025
648,480,40,83.0,37.0,12.0,9.0,3.0,37,1,0,1.0,1,4,3,10,11,6.173786
649,808,50,101.0,44.0,18.0,8.0,9.0,38,1,0,1.0,0,3,2,17,12,6.6945619999999995
650,1442,40,113.0,36.0,13.0,14.0,8.0,36,1,0,1.0,1,2,1,12,12,7.273787
651,1091,50,88.0,31.0,13.0,13.0,4.0,37,1,0,0.0,1,4,1,12,.,6.99485
652,350,40,93.0,41.0,12.0,16.0,0.0,33,0,1,1.0,1,1,1,12,.,5.857933
653,500,40,83.0,39.0,12.0,18.0,11.0,36,1,1,1.0,1,0,1,7,.,6.214608
654,1026,45,113.0,27.0,16.0,9.0,13.0,30,1,0,1.0,1,2,2,16,14,6.9334229999999994
655,577,40,106.0,43.0,17.0,11.0,7.0,33,0,1,1.0,1,3,2,13,16,6.357842
656,1333,60,106.0,38.0,15.0,5.0,1.0,30,1,0,1.0,1,2,2,12,12,7.195187
657,915,55,114.0,36.0,12.0,17.0,9.0,37,1,0,0.0,1,1,.,10,.,6.818924000000001
658,1105,40,119.0,32.0,16.0,9.0,10.0,30,0,0,1.0,1,5,1,11,10,7.007600999999999
659,910,40,82.0,26.0,14.0,5.0,5.0,30,1,1,1.0,1,10,.,9,3,6.813445
660,1000,40,89.0,40.0,12.0,17.0,8.0,38,1,0,1.0,1,7,7,1,4,6.907755
661,1160,40,74.0,18.0,12.0,14.0,1.0,33,1,1,1.0,1,9,6,3,4,7.056175
662,1001,34,77.0,22.0,12.0,12.0,3.0,29,1,1,1.0,1,9,8,3,4,6.908755
663,713,40,75.0,25.0,12.0,5.0,12.0,36,1,1,1.0,1,7,4,.,.,6.569481
664,929,40,97.0,28.0,13.0,12.0,5.0,30,1,0,1.0,1,2,1,12,12,6.834109
665,400,50,68.0,35.0,12.0,4.0,9.0,31,1,1,1.0,1,6,1,6,2,5.991465
666,1241,40,83.0,51.0,13.0,9.0,10.0,33,1,0,1.0,1,2,3,12,12,7.123672999999999
667,1065,40,97.0,40.0,12.0,21.0,10.0,36,1,0,1.0,1,1,1,12,.,6.9707300000000005
668,403,45,98.0,37.0,12.0,5.0,3.0,30,1,0,1.0,1,2,.,12,12,5.998937000000001
669,940,45,102.0,30.0,13.0,15.0,12.0,30,1,1,1.0,1,2,2,.,.,6.84588
670,812,40,81.0,20.0,10.0,17.0,13.0,34,1,1,1.0,1,2,2,8,3,6.699501
671,700,20,85.0,27.0,10.0,13.0,0.0,35,1,1,1.0,1,3,.,6,10,6.551080000000001
672,575,40,86.0,20.0,10.0,12.0,6.0,33,1,1,1.0,1,8,.,.,.,6.354369999999999
673,450,40,79.0,23.0,10.0,20.0,5.0,36,1,1,1.0,1,7,6,12,12,6.109248
674,621,43,84.0,24.0,12.0,14.0,10.0,31,1,0,1.0,0,4,3,8,6,6.431331
675,441,38,74.0,24.0,12.0,12.0,11.0,30,1,0,1.0,0,4,4,8,6,6.089045
676,625,40,92.0,25.0,16.0,6.0,9.0,33,1,1,1.0,0,11,1,.,.,6.437752
677,726,45,93.0,32.0,12.0,16.0,5.0,36,1,0,1.0,0,5,2,6,.,6.58755
678,500,40,69.0,18.0,9.0,21.0,13.0,38,1,1,1.0,1,8,6,6,.,6.214608
679,1000,44,113.0,41.0,17.0,8.0,2.0,34,1,0,1.0,1,4,1,17,18,6.907755
680,393,48,92.0,37.0,12.0,15.0,16.0,38,1,0,1.0,1,1,1,8,7,5.97381
681,600,40,127.0,44.0,12.0,8.0,3.0,28,0,0,1.0,0,2,2,9,12,6.39693
682,962,50,109.0,44.0,12.0,21.0,12.0,37,1,0,1.0,0,0,1,6,.,6.869014
683,962,40,97.0,42.0,12.0,15.0,4.0,34,1,0,1.0,0,5,1,10,8,6.869014
684,865,40,66.0,30.0,11.0,10.0,7.0,30,1,0,0.0,1,14,4,0,10,6.76273
685,1154,50,109.0,46.0,16.0,10.0,3.0,35,1,0,1.0,1,2,1,16,14,7.05099
686,1386,42,109.0,43.0,16.0,10.0,11.0,34,1,0,1.0,0,1,1,4,14,7.234177000000001
687,732,40,104.0,36.0,12.0,10.0,7.0,36,1,0,1.0,1,1,2,.,.,6.59578
688,865,40,85.0,44.0,13.0,4.0,9.0,34,1,0,1.0,1,3,3,8,8,6.76273
689,700,40,81.0,26.0,12.0,13.0,13.0,31,1,0,1.0,0,5,6,8,4,6.551080000000001
690,975,40,87.0,12.0,9.0,20.0,10.0,37,1,0,1.0,0,3,.,5,4,6.8824380000000005
691,1300,40,78.0,40.0,13.0,12.0,3.0,33,1,0,1.0,1,2,3,12,12,7.17012
692,900,40,54.0,37.0,14.0,12.0,3.0,31,1,0,1.0,1,2,1,12,12,6.802395
693,829,40,98.0,33.0,12.0,15.0,15.0,36,1,0,0.0,1,4,5,8,8,6.720219999999999
694,1000,40,98.0,34.0,12.0,17.0,13.0,36,1,0,1.0,1,3,.,12,.,6.907755
695,827,40,105.0,29.0,16.0,7.0,8.0,30,1,0,0.0,1,2,1,16,12,6.717805
696,500,44,87.0,25.0,13.0,5.0,2.0,31,1,0,1.0,1,7,.,12,.,6.214608
697,1155,40,117.0,25.0,13.0,9.0,1.0,28,1,0,0.0,1,3,2,12,12,7.051856
698,950,55,85.0,30.0,15.0,8.0,3.0,29,0,0,0.0,1,2,.,12,12,6.856462
699,700,40,82.0,35.0,13.0,10.0,4.0,30,1,0,0.0,1,4,5,8,.,6.551080000000001
700,1710,45,114.0,39.0,18.0,7.0,6.0,32,1,0,0.0,1,1,1,12,.,7.444249
701,533,30,65.0,21.0,12.0,5.0,1.0,32,0,1,0.0,1,5,1,11,12,6.278522
702,2004,48,105.0,48.0,18.0,10.0,0.0,34,1,0,0.0,1,2,1,12,12,7.602900999999999
703,890,60,92.0,20.0,14.0,9.0,8.0,32,1,0,0.0,1,1,2,7,7,6.791222
704,3078,30,107.0,23.0,13.0,11.0,4.0,29,1,0,0.0,1,2,2,12,12,8.032035
705,1539,40,111.0,41.0,17.0,10.0,13.0,37,1,0,0.0,1,3,2,12,16,7.338888000000001
706,508,40,73.0,38.0,12.0,1.0,1.0,31,1,1,0.0,1,1,.,.,.,6.230482
707,1354,40,119.0,49.0,17.0,13.0,9.0,35,0,0,0.0,0,2,1,16,16,7.210818
708,1143,35,97.0,40.0,12.0,21.0,8.0,38,1,0,0.0,1,5,1,12,12,7.041411999999999
709,962,40,110.0,34.0,12.0,16.0,8.0,33,1,0,0.0,1,2,1,10,10,6.869014
710,1250,44,96.0,32.0,12.0,19.0,20.0,38,1,0,0.0,1,2,1,12,12,7.130899
711,990,40,67.0,23.0,12.0,16.0,3.0,34,1,1,0.0,1,2,1,8,8,6.897705
712,905,40,102.0,31.0,12.0,17.0,4.0,37,1,0,0.0,0,5,5,12,12,6.8079350000000005
713,926,55,64.0,22.0,12.0,18.0,0.0,38,1,0,0.0,1,4,5,0,2,6.830874000000001
714,1559,40,103.0,32.0,12.0,17.0,10.0,34,1,0,0.0,1,3,4,8,8,7.3518
715,1312,40,118.0,39.0,10.0,14.0,4.0,32,1,0,0.0,1,0,1,12,8,7.179308
716,923,40,118.0,36.0,14.0,8.0,16.0,35,1,1,0.0,1,5,1,7,.,6.827628999999999
717,879,40,118.0,41.0,18.0,1.0,9.0,31,1,0,0.0,1,1,2,13,13,6.778785000000001
718,800,25,75.0,37.0,13.0,14.0,1.0,38,1,0,1.0,1,0,1,12,10,6.6846119999999996
719,1049,50,112.0,45.0,14.0,6.0,10.0,32,1,0,0.0,0,3,3,12,10,6.9555929999999995
720,550,40,95.0,20.0,12.0,4.0,1.0,30,0,0,0.0,0,3,4,12,10,6.309918
721,1190,40,119.0,38.0,17.0,4.0,2.0,34,1,0,0.0,1,0,1,12,14,7.081708
722,583,48,94.0,35.0,14.0,10.0,6.0,37,1,0,0.0,0,2,1,12,12,6.368187
723,1200,40,103.0,27.0,14.0,5.0,2.0,30,1,0,0.0,1,1,1,6,7,7.090077000000001
724,797,55,90.0,36.0,16.0,11.0,5.0,33,1,0,0.0,1,5,2,14,17,6.680855
725,1371,40,128.0,50.0,18.0,8.0,13.0,36,1,0,0.0,0,1,2,16,12,7.223296
726,360,55,110.0,44.0,13.0,11.0,1.0,38,0,1,0.0,1,4,.,12,8,5.8861040000000004
727,1270,40,84.0,40.0,12.0,11.0,12.0,30,1,0,0.0,1,2,2,12,12,7.146772
728,1832,40,97.0,38.0,12.0,16.0,1.0,36,1,0,0.0,1,1,2,8,12,7.513164
729,909,40,102.0,34.0,12.0,14.0,5.0,33,1,0,0.0,1,3,3,12,7,6.812345
730,1746,40,131.0,41.0,18.0,9.0,10.0,33,1,0,0.0,1,7,3,12,12,7.465083
731,520,40,126.0,23.0,16.0,8.0,1.0,30,1,0,0.0,1,7,5,12,12,6.2538290000000005
732,808,40,107.0,32.0,16.0,6.0,7.0,29,1,0,0.0,0,7,6,12,12,6.6945619999999995
733,2137,45,108.0,45.0,16.0,11.0,2.0,36,1,0,0.0,1,2,3,12,.,7.667158000000001
734,692,50,92.0,49.0,15.0,9.0,3.0,38,1,1,0.0,1,0,1,8,8,6.539586
735,931,80,108.0,40.0,16.0,4.0,1.0,36,1,0,0.0,1,4,2,12,12,6.836259
736,812,45,115.0,46.0,16.0,11.0,3.0,34,1,0,0.0,1,1,2,12,8,6.699501
737,866,40,111.0,44.0,14.0,16.0,14.0,35,1,0,0.0,1,1,1,12,12,6.763885
738,1442,40,115.0,47.0,12.0,14.0,9.0,36,1,0,0.0,1,7,5,12,12,7.273787
739,500,40,101.0,31.0,14.0,12.0,0.0,32,1,0,0.0,0,2,2,11,6,6.214608
740,1384,50,114.0,48.0,18.0,12.0,2.0,37,1,0,0.0,1,1,1,12,13,7.2327330000000005
741,528,55,116.0,40.0,18.0,5.0,9.0,30,1,0,0.0,1,4,5,12,12,6.269096
742,881,40,90.0,41.0,12.0,4.0,14.0,36,1,0,0.0,0,2,3,12,.,6.781058
743,1026,45,125.0,33.0,12.0,11.0,11.0,28,1,0,0.0,1,3,1,14,17,6.9334229999999994
744,1212,40,98.0,26.0,12.0,11.0,12.0,28,0,0,0.0,1,4,.,12,10,7.100027000000001
745,1620,38,111.0,42.0,15.0,8.0,5.0,29,1,0,0.0,0,1,2,10,.,7.390182000000001
746,1843,48,109.0,38.0,16.0,11.0,2.0,32,1,0,0.0,1,3,2,12,.,7.51915
747,1602,60,124.0,36.0,16.0,12.0,2.0,37,1,0,0.0,1,1,2,12,12,7.379008
748,1000,40,121.0,35.0,13.0,6.0,1.0,33,1,0,0.0,1,2,2,8,14,6.907755
749,737,48,103.0,37.0,12.0,7.0,4.0,30,1,0,0.0,1,4,4,10,.,6.602588000000001
750,1699,40,96.0,19.0,12.0,10.0,1.0,29,0,0,1.0,1,2,3,12,12,7.4377949999999995
751,1699,40,100.0,40.0,12.0,11.0,9.0,33,1,0,0.0,1,1,2,12,8,7.4377949999999995
752,1025,48,104.0,30.0,14.0,6.0,5.0,32,1,0,0.0,1,2,3,.,12,6.932448
753,1107,40,112.0,38.0,12.0,12.0,5.0,38,1,0,0.0,1,5,3,11,12,7.009409
754,625,40,73.0,24.0,11.0,1.0,1.0,31,1,0,0.0,1,3,4,12,12,6.437752
755,720,50,101.0,39.0,13.0,1.0,7.0,29,1,0,0.0,1,4,2,11,11,6.579250999999999
756,855,40,99.0,44.0,12.0,19.0,10.0,36,1,0,0.0,1,1,2,12,12,6.751100999999999
757,1250,40,95.0,23.0,12.0,12.0,2.0,32,1,0,0.0,1,2,2,12,12,7.130899
758,1130,40,109.0,40.0,18.0,4.0,13.0,38,1,0,0.0,0,1,2,18,15,7.029973
759,900,40,110.0,35.0,12.0,6.0,1.0,28,0,0,0.0,1,1,.,13,13,6.802395
760,1924,50,98.0,49.0,17.0,6.0,7.0,38,1,0,0.0,1,1,1,4,.,7.562161
761,962,40,112.0,46.0,15.0,8.0,2.0,37,1,0,0.0,1,2,1,12,16,6.869014
762,1874,48,64.0,37.0,11.0,22.0,3.0,38,1,1,0.0,1,7,.,.,.,7.535830000000001
763,1573,55,90.0,28.0,12.0,5.0,3.0,30,1,0,0.0,1,4,3,11,8,7.36074
764,940,45,102.0,46.0,14.0,11.0,7.0,36,1,0,0.0,1,1,2,12,10,6.84588
765,900,40,119.0,39.0,16.0,8.0,9.0,30,1,0,0.0,0,1,2,12,12,6.802395
766,882,44,96.0,34.0,12.0,15.0,13.0,31,1,0,0.0,0,6,3,8,10,6.782192
767,1710,45,118.0,40.0,18.0,12.0,12.0,38,1,0,0.0,1,1,1,12,12,7.444249
768,1260,45,79.0,39.0,12.0,19.0,15.0,37,1,0,0.0,0,3,2,9,8,7.138866999999999
769,751,40,96.0,42.0,12.0,9.0,7.0,38,1,0,0.0,0,1,1,10,8,6.6214059999999995
770,1097,50,80.0,27.0,11.0,12.0,12.0,28,1,0,0.0,0,5,1,12,11,7.000334
771,1001,48,137.0,36.0,13.0,11.0,11.0,33,1,0,0.0,0,5,6,12,.,6.908755
772,1154,40,116.0,42.0,15.0,11.0,12.0,34,0,0,0.0,0,2,1,12,9,7.05099
773,1000,43,69.0,31.0,12.0,15.0,16.0,35,1,0,0.0,1,4,4,12,8,6.907755
774,1250,40,78.0,36.0,12.0,16.0,3.0,33,1,0,0.0,1,9,.,6,2,7.130899
775,857,65,99.0,41.0,12.0,18.0,3.0,38,1,0,1.0,1,2,1,8,8,6.753438
776,1211,27,92.0,33.0,12.0,13.0,3.0,31,1,0,0.0,1,3,2,16,12,7.099202
777,937,32,113.0,23.0,16.0,12.0,7.0,29,1,0,0.0,1,3,.,16,12,6.842683
778,904,50,98.0,29.0,13.0,7.0,1.0,33,1,0,0.0,1,5,.,12,.,6.806829
779,872,45,115.0,30.0,15.0,7.0,4.0,29,1,0,0.0,1,3,1,12,18,6.770789999999999
780,1200,40,96.0,26.0,9.0,18.0,0.0,34,1,0,0.0,1,4,3,.,8,7.090077000000001
781,1261,40,117.0,41.0,17.0,1.0,9.0,35,1,0,0.0,1,4,1,6,8,7.139660000000001
782,950,40,96.0,38.0,12.0,14.0,2.0,35,1,0,0.0,1,1,1,8,2,6.856462
783,115,50,108.0,46.0,12.0,9.0,3.0,29,1,0,0.0,1,5,6,10,11,4.744932
784,673,40,92.0,34.0,17.0,6.0,4.0,31,1,0,0.0,1,5,5,16,12,6.5117449999999995
785,1084,45,95.0,38.0,15.0,17.0,10.0,37,1,0,0.0,1,1,2,16,16,6.988413
786,1058,40,94.0,40.0,14.0,13.0,14.0,34,1,0,0.0,1,0,1,15,9,6.964136
787,800,40,115.0,38.0,12.0,20.0,12.0,38,1,0,0.0,0,7,6,7,8,6.6846119999999996
788,369,40,117.0,36.0,18.0,11.0,1.0,31,0,0,0.0,0,3,4,.,.,5.9107970000000005
789,1924,40,,,,,,36,1,0,,0,0,1,12,,
790,855,40,109.0,36.0,12.0,17.0,15.0,36,1,0,0.0,0,3,1,7,6,6.751100999999999
791,864,40,87.0,38.0,12.0,15.0,6.0,31,1,0,0.0,0,1,1,12,12,6.761572999999999
792,1092,44,110.0,34.0,16.0,15.0,13.0,36,1,0,0.0,1,4,4,13,13,6.995766000000001
793,1025,40,110.0,30.0,16.0,9.0,4.0,30,1,0,0.0,0,3,.,10,12,6.932448
794,850,35,109.0,32.0,12.0,11.0,2.0,31,1,0,0.0,0,2,2,17,.,6.745236
795,673,40,85.0,21.0,12.0,17.0,10.0,35,1,0,0.0,0,2,2,12,12,6.5117449999999995
796,800,40,105.0,42.0,14.0,12.0,12.0,37,1,0,0.0,0,3,2,10,12,6.6846119999999996
797,1049,44,122.0,39.0,16.0,7.0,3.0,33,1,0,0.0,0,3,3,10,12,6.9555929999999995
798,884,40,108.0,40.0,17.0,9.0,11.0,35,1,0,0.0,1,3,2,14,9,6.784457000000001
799,800,40,122.0,38.0,16.0,10.0,2.0,31,0,0,1.0,1,3,3,12,8,6.6846119999999996
800,1200,40,79.0,32.0,17.0,9.0,9.0,32,1,0,0.0,1,0,1,8,8,7.090077000000001
801,664,40,105.0,30.0,12.0,8.0,10.0,29,1,0,0.0,1,7,6,12,12,6.498282
802,1111,45,90.0,47.0,12.0,18.0,18.0,37,1,0,0.0,1,6,3,.,.,7.013016
803,850,43,111.0,38.0,16.0,8.0,8.0,34,1,0,0.0,1,4,2,.,.,6.745236
804,1000,40,110.0,42.0,12.0,6.0,12.0,37,1,0,0.0,1,5,2,8,12,6.907755
805,875,40,92.0,32.0,12.0,8.0,4.0,29,0,0,0.0,1,4,.,14,14,6.774224
806,1202,40,131.0,32.0,16.0,10.0,2.0,33,1,0,0.0,0,3,2,12,12,7.091742
807,666,40,104.0,32.0,12.0,10.0,2.0,29,1,0,0.0,0,2,3,12,12,6.50129
808,923,40,110.0,39.0,16.0,15.0,11.0,37,1,0,0.0,0,2,1,12,7,6.827628999999999
809,788,40,99.0,20.0,12.0,10.0,10.0,28,1,0,1.0,1,4,5,10,3,6.669498
810,950,40,86.0,31.0,10.0,23.0,5.0,38,1,0,1.0,1,9,9,.,6,6.856462
811,1442,40,105.0,42.0,12.0,9.0,16.0,37,1,0,1.0,1,3,4,.,.,7.273787
812,866,40,85.0,26.0,12.0,11.0,12.0,30,1,1,1.0,0,8,5,6,0,6.763885
813,625,40,72.0,34.0,9.0,17.0,5.0,34,1,0,1.0,0,10,7,4,.,6.437752
814,680,40,86.0,35.0,12.0,13.0,9.0,32,0,0,1.0,0,6,1,6,7,6.522093
815,693,40,68.0,38.0,12.0,11.0,19.0,35,1,0,1.0,0,5,2,12,8,6.54103
816,875,36,95.0,22.0,12.0,16.0,2.0,38,0,1,1.0,0,8,9,6,.,6.774224
817,2308,40,116.0,42.0,17.0,8.0,2.0,38,1,0,0.0,0,6,1,12,13,7.744136999999999
818,1196,45,96.0,45.0,14.0,10.0,4.0,32,1,0,1.0,0,2,3,10,6,7.086738
819,700,38,85.0,36.0,12.0,13.0,8.0,32,1,1,1.0,1,6,.,2,8,6.551080000000001
820,721,40,100.0,32.0,12.0,8.0,8.0,29,1,0,1.0,1,3,2,12,4,6.580639
821,1500,40,101.0,38.0,13.0,13.0,2.0,32,1,0,1.0,1,5,3,12,8,7.313221
822,1050,50,97.0,31.0,15.0,4.0,9.0,31,1,1,1.0,1,2,1,16,9,6.956544999999999
823,801,48,100.0,30.0,14.0,6.0,10.0,29,1,1,1.0,1,2,1,.,.,6.685861
824,640,23,96.0,39.0,12.0,7.0,3.0,31,0,1,1.0,1,5,.,.,.,6.461468
825,1198,32,117.0,39.0,16.0,7.0,9.0,30,1,0,1.0,1,1,2,12,12,7.0884089999999995
826,390,55,93.0,38.0,12.0,4.0,2.0,32,1,0,1.0,1,1,.,16,13,5.966147
827,889,36,116.0,37.0,12.0,12.0,11.0,28,1,0,1.0,1,1,2,9,12,6.790097
828,1076,38,106.0,42.0,12.0,19.0,20.0,36,1,0,1.0,1,1,1,12,9,6.981006
829,1127,40,98.0,45.0,12.0,17.0,12.0,36,1,0,1.0,1,1,2,14,12,7.027315
830,750,50,103.0,36.0,15.0,1.0,1.0,37,1,0,1.0,0,1,1,12,9,6.620073
831,855,40,118.0,41.0,14.0,6.0,14.0,33,1,0,1.0,0,3,1,.,12,6.751100999999999
832,525,40,100.0,22.0,13.0,5.0,1.0,31,1,0,1.0,0,1,1,10,12,6.2633980000000005
833,1104,54,96.0,39.0,12.0,11.0,4.0,29,1,0,1.0,0,1,2,10,12,7.006695
834,553,40,67.0,22.0,12.0,11.0,10.0,30,1,1,1.0,0,7,2,8,9,6.315358
835,800,43,96.0,27.0,12.0,10.0,1.0,29,1,0,1.0,0,1,1,10,10,6.6846119999999996
836,1384,50,104.0,42.0,13.0,8.0,7.0,31,1,0,1.0,0,3,1,13,14,7.2327330000000005
837,425,30,106.0,34.0,17.0,8.0,0.0,36,0,0,1.0,0,0,1,14,12,6.052089
838,510,54,62.0,34.0,11.0,13.0,4.0,33,0,1,1.0,1,7,6,2,10,6.234411
839,370,32,73.0,31.0,12.0,13.0,2.0,31,1,1,1.0,0,9,2,3,4,5.9135029999999995
840,596,40,62.0,26.0,12.0,16.0,14.0,33,1,1,1.0,0,9,8,2,8,6.3902410000000005
841,402,40,76.0,28.0,12.0,9.0,4.0,28,1,1,0.0,1,4,2,.,10,5.996452
842,418,40,76.0,26.0,12.0,12.0,2.0,31,1,1,1.0,0,0,1,9,10,6.035481
843,1133,40,106.0,44.0,16.0,13.0,10.0,36,1,0,1.0,0,1,1,12,.,7.032624
844,681,40,94.0,24.0,12.0,18.0,15.0,35,0,0,1.0,1,4,.,9,10,6.523562
845,950,40,81.0,29.0,11.0,16.0,5.0,35,1,0,1.0,0,3,4,10,6,6.856462
846,600,40,87.0,15.0,10.0,20.0,7.0,36,1,0,1.0,0,0,1,5,6,6.39693
847,661,40,96.0,25.0,13.0,8.0,6.0,29,0,0,1.0,0,3,2,.,5,6.493754
848,925,40,75.0,27.0,12.0,12.0,9.0,30,1,0,1.0,0,2,2,6,.,6.829794000000001
849,550,40,95.0,34.0,12.0,14.0,13.0,31,1,0,1.0,0,0,1,5,5,6.309918
850,606,40,86.0,19.0,11.0,13.0,11.0,30,1,0,1.0,0,4,4,3,7,6.40688
851,425,40,86.0,17.0,10.0,7.0,1.0,30,1,0,1.0,0,4,4,3,7,6.052089
852,340,50,104.0,41.0,14.0,4.0,1.0,31,1,0,1.0,1,5,3,8,18,5.828946
853,692,50,95.0,21.0,12.0,16.0,9.0,34,1,0,1.0,1,2,2,7,5,6.539586
854,575,40,116.0,37.0,12.0,11.0,9.0,29,1,0,1.0,0,1,2,8,12,6.354369999999999
855,571,40,66.0,20.0,9.0,15.0,10.0,33,1,0,1.0,0,5,1,8,6,6.347389
856,817,40,101.0,38.0,16.0,11.0,9.0,32,1,0,1.0,1,1,2,0,5,6.705639
857,987,40,96.0,23.0,12.0,11.0,5.0,29,1,0,1.0,0,1,2,12,12,6.89467
858,616,55,104.0,41.0,12.0,16.0,18.0,35,1,0,1.0,1,4,5,9,.,6.423247
859,1026,60,105.0,34.0,16.0,12.0,1.0,35,1,0,0.0,1,3,1,14,10,6.9334229999999994
860,808,40,106.0,34.0,12.0,4.0,3.0,29,1,0,0.0,1,1,2,8,7,6.6945619999999995
861,808,50,101.0,34.0,17.0,8.0,0.0,30,1,0,1.0,1,1,2,15,15,6.6945619999999995
862,788,40,96.0,42.0,12.0,13.0,5.0,36,1,0,1.0,1,4,1,12,12,6.669498
863,850,40,105.0,34.0,12.0,6.0,2.0,33,1,0,0.0,1,1,1,12,9,6.745236
864,900,38,106.0,40.0,12.0,10.0,19.0,38,1,0,1.0,1,7,.,3,2,6.802395
865,1418,45,102.0,44.0,12.0,19.0,20.0,36,1,0,1.0,1,2,3,8,8,7.257003
866,260,40,75.0,35.0,12.0,21.0,0.0,37,1,1,1.0,0,3,3,.,.,5.560682
867,662,45,99.0,27.0,14.0,7.0,2.0,28,1,1,1.0,0,6,1,5,5,6.495265
868,562,55,90.0,46.0,13.0,4.0,1.0,38,1,0,1.0,0,1,1,12,11,6.3315019999999995
869,562,80,104.0,30.0,12.0,11.0,5.0,28,1,0,1.0,0,1,.,12,12,6.3315019999999995
870,357,70,115.0,37.0,13.0,5.0,2.0,30,1,0,1.0,1,6,7,.,.,5.877736
871,1009,40,118.0,37.0,16.0,11.0,12.0,32,1,0,1.0,0,0,1,12,10,6.916714999999999
872,1442,40,108.0,40.0,12.0,17.0,17.0,36,1,0,1.0,1,1,1,9,12,7.273787
873,651,40,76.0,30.0,11.0,11.0,2.0,29,1,1,0.0,1,7,7,10,11,6.478509
874,750,40,50.0,28.0,12.0,14.0,5.0,32,1,1,1.0,0,10,.,3,.,6.620073
875,754,40,55.0,23.0,12.0,13.0,14.0,33,1,1,1.0,0,2,1,10,.,6.625392
876,700,40,73.0,23.0,12.0,17.0,9.0,38,1,1,1.0,0,8,3,.,.,6.551080000000001
877,503,40,84.0,14.0,11.0,11.0,2.0,30,0,1,0.0,1,3,.,9,9,6.2205900000000005
878,937,40,104.0,37.0,12.0,14.0,15.0,32,1,0,1.0,0,1,2,12,9,6.842683
879,624,40,92.0,40.0,10.0,18.0,10.0,36,1,0,1.0,0,2,3,10,6,6.436151000000001
880,750,40,83.0,27.0,12.0,4.0,10.0,32,1,1,1.0,0,7,1,10,6,6.620073
881,900,40,98.0,36.0,14.0,1.0,8.0,30,1,1,1.0,0,7,2,10,6,6.802395
882,540,40,70.0,25.0,10.0,12.0,10.0,29,1,1,1.0,0,9,.,10,7,6.291569
883,642,35,87.0,26.0,13.0,9.0,3.0,30,1,0,1.0,0,10,10,4,10,6.464588
884,400,50,96.0,38.0,15.0,6.0,10.0,28,0,0,1.0,0,5,.,12,.,5.991465
885,900,40,80.0,34.0,10.0,15.0,14.0,38,1,0,1.0,0,3,3,12,10,6.802395
886,513,40,104.0,40.0,16.0,8.0,10.0,33,1,0,1.0,0,5,2,12,10,6.240276000000001
887,894,40,104.0,35.0,18.0,7.0,10.0,35,1,0,1.0,0,7,8,9,8,6.795706
888,1282,60,96.0,24.0,18.0,7.0,5.0,32,1,0,1.0,1,4,2,12,18,7.1561770000000005
889,485,40,89.0,24.0,12.0,10.0,9.0,30,0,0,1.0,0,4,3,12,18,6.184149
890,325,55,,,,,,29,1,0,,0,1,2,10,,
891,769,45,,,,,,33,1,0,,0,4,1,7,,
892,618,40,84.0,39.0,14.0,6.0,8.0,31,0,0,1.0,1,7,8,7,4,6.426488
893,1040,48,108.0,36.0,12.0,16.0,17.0,35,1,0,1.0,1,6,7,7,3,6.946975999999999
894,751,40,104.0,32.0,12.0,15.0,4.0,34,1,0,1.0,1,4,3,8,3,6.6214059999999995
895,380,50,106.0,28.0,12.0,15.0,11.0,30,1,0,1.0,0,2,1,7,7,5.940171
896,300,24,83.0,45.0,12.0,16.0,3.0,37,1,1,1.0,1,4,1,3,.,5.7037830000000005
897,753,46,70.0,34.0,10.0,21.0,7.0,38,1,0,1.0,1,4,2,12,7,6.624064999999999
898,1065,65,104.0,39.0,16.0,10.0,11.0,34,1,0,1.0,1,2,3,11,12,6.9707300000000005
899,1070,40,91.0,42.0,12.0,13.0,1.0,30,1,0,0.0,1,1,2,14,12,6.975414
900,1573,55,112.0,42.0,18.0,7.0,8.0,34,1,0,1.0,1,1,1,14,18,7.36074
901,650,40,97.0,27.0,10.0,14.0,9.0,30,1,0,1.0,0,5,1,12,9,6.476973
902,700,45,99.0,40.0,12.0,15.0,7.0,32,1,0,1.0,0,4,2,10,10,6.551080000000001
903,494,40,74.0,30.0,12.0,16.0,4.0,34,1,1,1.0,0,5,.,.,.,6.202536
904,890,48,100.0,40.0,12.0,4.0,8.0,31,1,0,1.0,0,0,1,.,.,6.791222
905,520,40,86.0,28.0,10.0,15.0,12.0,31,1,0,1.0,0,0,1,6,.,6.2538290000000005
906,891,40,90.0,36.0,12.0,16.0,16.0,32,1,0,1.0,0,5,5,12,9,6.792345
907,570,50,101.0,43.0,12.0,11.0,12.0,30,1,0,0.0,1,2,3,12,.,6.345636
908,1444,40,109.0,33.0,15.0,11.0,1.0,29,1,0,1.0,1,2,1,11,9,7.275172
909,481,48,98.0,26.0,12.0,14.0,2.0,31,0,1,0.0,1,4,3,.,.,6.175867
910,500,44,107.0,40.0,12.0,21.0,12.0,38,1,0,1.0,0,2,.,12,7,6.214608
911,1473,40,110.0,48.0,16.0,15.0,15.0,36,1,0,1.0,0,1,2,12,14,7.295056
912,803,40,120.0,35.0,13.0,4.0,1.0,28,1,0,1.0,1,3,4,10,12,6.6883539999999995
913,962,50,97.0,34.0,16.0,7.0,2.0,30,1,0,1.0,1,0,1,12,12,6.869014
914,1000,44,103.0,37.0,12.0,9.0,5.0,29,1,0,1.0,1,0,1,11,.,6.907755
915,600,40,114.0,36.0,16.0,5.0,4.0,30,1,0,1.0,1,2,1,12,12,6.39693
916,450,40,95.0,31.0,11.0,12.0,2.0,30,1,0,1.0,0,2,3,8,8,6.109248
917,629,60,93.0,32.0,12.0,6.0,1.0,30,1,1,1.0,0,8,3,10,6,6.444131
918,492,60,67.0,38.0,12.0,15.0,2.0,34,1,1,1.0,0,3,.,8,.,6.198479
919,1562,40,97.0,28.0,17.0,7.0,2.0,32,1,0,1.0,1,5,1,12,13,7.353722
920,357,70,97.0,34.0,14.0,6.0,3.0,28,1,0,1.0,0,1,2,13,16,5.877736
921,960,40,83.0,25.0,13.0,14.0,13.0,32,1,0,1.0,1,4,.,10,.,6.866933
922,566,45,104.0,46.0,16.0,5.0,2.0,32,1,0,1.0,0,1,2,12,12,6.3385940000000005
923,481,40,82.0,27.0,12.0,9.0,2.0,32,1,0,1.0,0,2,2,12,8,6.175867
924,1442,40,113.0,45.0,16.0,8.0,10.0,35,1,0,1.0,1,2,2,8,8,7.273787
925,645,45,93.0,39.0,12.0,11.0,3.0,35,1,0,1.0,0,7,7,7,8,6.46925
926,788,40,100.0,23.0,11.0,15.0,6.0,32,1,1,1.0,0,5,.,9,.,6.669498
927,644,42,101.0,38.0,12.0,11.0,5.0,33,1,0,1.0,0,4,3,12,.,6.467699
928,477,45,100.0,33.0,12.0,9.0,3.0,31,1,0,1.0,0,3,3,7,7,6.167517
929,664,60,82.0,30.0,16.0,10.0,9.0,34,1,1,1.0,1,3,4,16,16,6.498282
930,520,40,79.0,28.0,16.0,6.0,1.0,30,1,1,1.0,0,0,1,11,.,6.2538290000000005
931,1202,40,102.0,32.0,13.0,10.0,3.0,31,1,0,1.0,1,7,7,8,6,7.091742
932,538,45,77.0,22.0,12.0,12.0,10.0,28,1,1,1.0,0,9,.,7,.,6.287858
933,873,44,109.0,25.0,12.0,12.0,12.0,28,1,0,1.0,0,1,1,.,11,6.771935000000001
934,1000,40,107.0,32.0,12.0,17.0,18.0,35,1,0,1.0,0,5,1,.,.,6.907755
